"Date","Price","Open","High","Low","Vol.","Change %"
"31-12-2025","26,689.30","26,520.80","26,744.40","26,519.10","458.50M","0.78%"
"30-12-2025","26,482.55","26,479.85","26,522.40","26,411.50","673.28M","0.00%"
"29-12-2025","26,483.45","26,612.35","26,641.90","26,460.05","498.86M","-0.40%"
"26-12-2025","26,589.35","26,658.50","26,692.15","26,551.70","429.74M","-0.32%"
"24-12-2025","26,674.50","26,713.75","26,773.25","26,653.05","351.48M","-0.14%"
"23-12-2025","26,713.15","26,734.05","26,766.60","26,650.25","414.70M","0.07%"
"22-12-2025","26,693.20","26,579.40","26,701.75","26,565.30","432.45M","0.77%"
"19-12-2025","26,488.00","26,414.20","26,500.30","26,391.40","580.44M","0.62%"
"18-12-2025","26,324.65","26,295.45","26,410.90","26,222.45","354.64M","-0.07%"
"17-12-2025","26,342.65","26,435.85","26,472.30","26,291.65","403.07M","-0.20%"
"16-12-2025","26,394.50","26,489.25","26,509.30","26,365.50","449.74M","-0.61%"
"15-12-2025","26,555.35","26,460.20","26,570.85","26,415.75","383.32M","-0.04%"
"12-12-2025","26,565.10","26,477.25","26,576.80","26,447.70","431.66M","0.62%"
"11-12-2025","26,402.45","26,275.25","26,425.15","26,188.75","398.18M","0.55%"
"10-12-2025","26,259.25","26,362.95","26,462.60","26,238.05","393.44M","-0.30%"
"09-12-2025","26,337.35","26,320.90","26,408.60","26,162.55","508.23M","-0.30%"
"08-12-2025","26,415.55","26,673.60","26,690.75","26,346.40","521.85M","-1.05%"
"05-12-2025","26,696.90","26,527.70","26,711.95","26,509.40","413.41M","0.53%"
"04-12-2025","26,557.00","26,505.40","26,627.45","26,471.40","430.39M","0.19%"
"03-12-2025","26,506.10","26,572.90","26,623.70","26,418.15","544.77M","-0.33%"
"02-12-2025","26,592.85","26,638.15","26,709.50","26,554.15","920.25M","-0.47%"
"01-12-2025","26,719.75","26,859.40","26,859.50","26,663.60","384.84M","-0.07%"
"28-11-2025","26,737.80","26,763.25","26,803.25","26,701.40","415.33M","-0.02%"
"27-11-2025","26,744.35","26,800.95","26,833.20","26,670.25","413.62M","0.00%"
"26-11-2025","26,743.05","26,377.65","26,753.75","26,377.65","448.50M","1.28%"
"25-11-2025","26,405.30","26,493.65","26,535.30","26,380.45","425.63M","-0.20%"
"24-11-2025","26,458.25","26,640.60","26,650.75","26,415.50","788.37M","-0.51%"
"21-11-2025","26,593.20","26,677.40","26,727.10","26,578.75","400.97M","-0.61%"
"20-11-2025","26,755.50","26,724.80","26,815.95","26,652.75","400.17M","0.43%"
"19-11-2025","26,640.50","26,528.30","26,661.10","26,459.10","447.76M","0.46%"
"18-11-2025","26,519.00","26,654.20","26,660.10","26,486.25","457.41M","-0.45%"
"17-11-2025","26,639.40","26,574.90","26,652.55","26,538.10","479.54M","0.42%"
"14-11-2025","26,528.00","26,408.60","26,556.45","26,371.00","745.80M","0.08%"
"13-11-2025","26,505.60","26,532.70","26,635.85","26,437.20","622.10M","0.02%"
"12-11-2025","26,500.00","26,475.05","26,558.00","26,427.70","552.17M","0.61%"
"11-11-2025","26,340.00","26,269.65","26,357.70","26,088.90","514.67M","0.42%"
"10-11-2025","26,230.80","26,162.95","26,311.55","26,162.95","423.49M","0.33%"
"07-11-2025","26,144.20","26,075.95","26,204.25","25,935.15","533.83M","-0.04%"
"06-11-2025","26,154.95","26,288.00","26,353.90","26,137.10","589.55M","-0.49%"
"04-11-2025","26,284.45","26,430.55","26,465.60","26,267.05","544.68M","-0.61%"
"03-11-2025","26,445.85","26,358.55","26,483.30","26,321.40","63.79M","0.29%"
"31-10-2025","26,369.50","26,512.50","26,595.15","26,357.55","670.63M","-0.56%"
"30-10-2025","26,518.85","26,630.20","26,662.80","26,481.55","618.51M","-0.60%"
"29-10-2025","26,679.25","26,566.30","26,713.30","26,551.05","756.11M","0.61%"
"28-10-2025","26,517.45","26,551.40","26,636.35","26,400.30","650.26M","-0.18%"
"27-10-2025","26,565.00","26,457.80","26,596.75","26,435.55","491.98M","0.61%"
"24-10-2025","26,402.80","26,533.45","26,540.90","26,327.95","499.50M","-0.33%"
"23-10-2025","26,490.05","26,654.20","26,700.00","26,459.20","735.32M","0.05%"
"21-10-2025","26,475.85","26,521.60","26,550.00","26,431.80","100.88M","0.10%"
"20-10-2025","26,449.75","26,445.80","26,536.95","26,400.55","582.01M","0.46%"
"17-10-2025","26,329.80","26,196.60","26,403.45","26,167.90","765.18M","0.38%"
"16-10-2025","26,229.20","26,055.15","26,265.40","26,034.75","646.99M","0.94%"
"15-10-2025","25,984.05","25,817.70","26,017.55","25,809.95","548.24M","0.81%"
"14-10-2025","25,775.15","25,922.00","25,954.70","25,694.20","516.01M","-0.36%"
"13-10-2025","25,867.75","25,815.80","25,900.85","25,781.15","448.18M","-0.22%"
"10-10-2025","25,924.75","25,819.75","25,975.35","25,799.95","446.66M","0.38%"
"09-10-2025","25,825.70","25,719.20","25,839.45","25,662.95","477.81M","0.54%"
"08-10-2025","25,685.90","25,748.65","25,839.30","25,658.20","456.30M","-0.34%"
"07-10-2025","25,772.25","25,754.15","25,871.05","25,742.85","525.06M","0.12%"
"06-10-2025","25,740.95","25,593.45","25,750.95","25,550.00","507.64M","0.67%"
"03-10-2025","25,569.30","25,445.20","25,580.50","25,412.30","680.84M","0.26%"
"01-10-2025","25,502.95","25,303.10","25,527.70","25,293.75","565.91M","0.82%"
"30-09-2025","25,295.15","25,370.15","25,415.45","25,258.30","583.97M","-0.08%"
"29-09-2025","25,314.85","25,363.30","25,444.55","25,251.00","700.45M","0.11%"
"26-09-2025","25,287.10","25,497.65","25,537.20","25,261.35","547.35M","-1.08%"
"25-09-2025","25,562.00","25,717.05","25,782.80","25,547.65","685.21M","-0.68%"
"24-09-2025","25,736.35","25,833.25","25,870.40","25,719.55","607.96M","-0.58%"
"23-09-2025","25,886.00","25,958.85","25,995.30","25,805.05","712.37M","-0.19%"
"22-09-2025","25,934.50","25,955.80","26,066.80","25,882.40","615.32M","-0.35%"
"19-09-2025","26,025.85","26,089.05","26,103.55","25,976.75","778.13M","-0.21%"
"18-09-2025","26,081.85","26,095.35","26,103.15","25,991.70","454.18M","0.35%"
"17-09-2025","25,990.45","25,947.55","26,013.95","25,937.95","506.03M","0.34%"
"16-09-2025","25,903.55","25,748.60","25,925.10","25,737.60","433.09M","0.66%"
"15-09-2025","25,733.55","25,761.15","25,781.15","25,712.70","376.48M","-0.04%"
"12-09-2025","25,745.10","25,711.65","25,768.65","25,672.45","423.99M","0.41%"
"11-09-2025","25,638.75","25,577.55","25,669.45","25,572.20","486.97M","0.16%"
"10-09-2025","25,596.95","25,608.40","25,662.75","25,539.65","433.28M","0.42%"
"09-09-2025","25,489.20","25,488.70","25,508.45","25,432.55","358.13M","0.34%"
"08-09-2025","25,402.00","25,423.10","25,516.10","25,375.15","401.56M","0.18%"
"05-09-2025","25,356.85","25,438.70","25,455.50","25,230.10","357.80M","0.01%"
"04-09-2025","25,355.15","25,642.80","25,642.80","25,328.20","479.01M","-0.01%"
"03-09-2025","25,358.90","25,255.20","25,378.00","25,188.05","480.56M","0.57%"
"02-09-2025","25,215.05","25,263.30","25,377.45","25,159.90","419.41M","-0.06%"
"01-09-2025","25,231.20","25,019.10","25,241.00","25,019.10","387.23M","0.91%"
"29-08-2025","25,003.05","25,050.80","25,161.10","24,979.80","525.61M","-0.30%"
"28-08-2025","25,078.50","25,308.20","25,308.20","25,062.20","510.18M","-0.93%"
"26-08-2025","25,313.50","25,526.55","25,544.65","25,291.45","1.09B","-1.08%"
"25-08-2025","25,589.70","25,581.80","25,643.15","25,522.30","352.54M","0.37%"
"22-08-2025","25,495.60","25,693.40","25,709.00","25,485.55","350.93M","-0.82%"
"21-08-2025","25,705.10","25,778.20","25,780.55","25,687.80","401.05M","0.06%"
"20-08-2025","25,689.30","25,604.15","25,726.20","25,570.55","480.47M","0.30%"
"19-08-2025","25,613.30","25,511.40","25,627.60","25,478.85","424.72M","0.47%"
"18-08-2025","25,492.35","25,544.15","25,633.35","25,478.50","552.43M","1.05%"
"14-08-2025","25,226.25","25,222.95","25,271.75","25,192.55","438.39M","0.01%"
"13-08-2025","25,223.25","25,180.45","25,267.15","25,141.15","390.93M","0.55%"
"12-08-2025","25,085.40","25,156.95","25,292.35","25,064.75","375.71M","-0.34%"
"11-08-2025","25,172.20","24,944.75","25,187.95","24,916.60","415.50M","0.96%"
"08-08-2025","24,934.05","25,145.10","25,182.40","24,908.05","461.70M","-1.00%"
"07-08-2025","25,185.15","25,046.30","25,225.30","24,916.25","799.83M","0.11%"
"06-08-2025","25,156.35","25,256.70","25,275.20","25,122.10","439.59M","-0.40%"
"05-08-2025","25,257.95","25,333.10","25,335.20","25,189.00","405.71M","-0.29%"
"04-08-2025","25,330.20","25,178.65","25,342.55","25,132.60","436.91M","0.72%"
"01-08-2025","25,149.60","25,353.55","25,385.05","25,120.30","454.27M","-0.91%"
"31-07-2025","25,380.50","25,241.70","25,560.50","25,237.50","591.10M","-0.38%"
"30-07-2025","25,476.05","25,510.65","25,520.00","25,389.85","464.69M","0.13%"
"29-07-2025","25,443.65","25,216.95","25,468.10","25,209.50","468.77M","0.63%"
"28-07-2025","25,285.00","25,387.75","25,510.10","25,251.40","447.93M","-0.62%"
"25-07-2025","25,442.10","25,650.95","25,650.95","25,412.15","486.42M","-1.01%"
"24-07-2025","25,701.90","25,867.85","25,874.05","25,648.55","632.80M","-0.56%"
"23-07-2025","25,846.00","25,778.15","25,857.00","25,708.80","524.65M","0.55%"
"22-07-2025","25,703.90","25,822.90","25,832.20","25,686.25","757.22M","-0.16%"
"21-07-2025","25,745.35","25,652.95","25,765.25","25,535.50","463.73M","0.48%"
"18-07-2025","25,623.50","25,779.70","25,809.00","25,586.25","484.65M","-0.59%"
"17-07-2025","25,776.45","25,896.00","25,902.80","25,767.85","403.56M","-0.37%"
"16-07-2025","25,872.20","25,850.70","25,906.15","25,777.25","473.95M","0.09%"
"15-07-2025","25,849.15","25,740.30","25,891.20","25,733.45","418.71M","0.49%"
"14-07-2025","25,724.15","25,759.85","25,764.90","25,644.60","460.47M","-0.14%"
"11-07-2025","25,760.80","25,885.60","25,947.10","25,737.90","443.28M","-0.81%"
"10-07-2025","25,971.35","26,123.50","26,136.90","25,958.05","429.56M","-0.43%"
"09-07-2025","26,084.00","26,121.75","26,159.55","26,030.95","457.39M","-0.16%"
"08-07-2025","26,126.05","26,052.30","26,149.50","26,028.35","381.54M","0.20%"
"07-07-2025","26,074.55","26,063.20","26,106.70","26,018.40","386.77M","0.03%"
"04-07-2025","26,066.65","26,035.35","26,075.05","25,938.05","368.69M","0.24%"
"03-07-2025","26,003.00","26,116.60","26,173.60","25,984.40","503.67M","-0.25%"
"02-07-2025","26,068.05","26,198.90","26,223.20","25,987.20","524.39M","-0.34%"
"01-07-2025","26,156.10","26,179.35","26,209.90","26,107.35","487.55M","0.06%"
"30-06-2025","26,139.50","26,256.85","26,265.15","26,088.15","515.16M","-0.32%"
"27-06-2025","26,223.60","26,156.55","26,239.95","26,117.55","891.68M","0.39%"
"26-06-2025","26,121.10","25,856.60","26,137.00","25,849.45","663.54M","1.16%"
"25-06-2025","25,822.35","25,743.85","25,839.25","25,716.30","455.27M","0.74%"
"24-06-2025","25,631.60","25,757.40","25,890.85","25,589.40","670.64M","0.39%"
"23-06-2025","25,532.95","25,468.20","25,615.50","25,375.35","436.46M","-0.45%"
"20-06-2025","25,648.80","25,318.70","25,675.30","25,318.40","986.85M","1.30%"
"19-06-2025","25,320.45","25,388.20","25,446.70","25,261.80","529.32M","-0.31%"
"18-06-2025","25,398.05","25,392.25","25,543.90","25,335.15","407.28M","-0.19%"
"17-06-2025","25,446.70","25,588.75","25,591.70","25,411.75","405.23M","-0.43%"
"16-06-2025","25,556.75","25,343.65","25,575.35","25,280.55","493.70M","0.89%"
"13-06-2025","25,331.35","25,070.60","25,361.00","25,070.25","554.72M","-0.71%"
"12-06-2025","25,511.55","25,834.00","25,852.55","25,459.50","601.74M","-1.15%"
"11-06-2025","25,807.10","25,815.45","25,892.90","25,760.95","615.52M","0.08%"
"10-06-2025","25,785.50","25,876.60","25,878.80","25,727.10","563.76M","0.02%"
"09-06-2025","25,779.45","25,795.35","25,800.25","25,721.40","539.12M","0.55%"
"06-06-2025","25,638.80","25,376.30","25,654.75","25,303.05","680.56M","1.06%"
"05-06-2025","25,369.75","25,314.60","25,507.75","25,242.35","638.80M","0.51%"
"04-06-2025","25,240.65","25,183.25","25,263.20","25,128.45","597.54M","0.31%"
"03-06-2025","25,162.05","25,405.15","25,461.55","25,133.40","612.80M","-0.68%"
"02-06-2025","25,333.65","25,277.05","25,368.05","25,158.80","590.39M","-0.04%"
"30-05-2025","25,344.25","25,421.30","25,471.85","25,308.20","1.28B","-0.36%"
"29-05-2025","25,436.30","25,439.75","25,491.45","25,296.85","580.33M","0.30%"
"28-05-2025","25,361.10","25,450.95","25,483.10","25,346.10","881.50M","-0.30%"
"27-05-2025","25,436.35","25,561.70","25,645.80","25,319.30","750.55M","-0.63%"
"26-05-2025","25,596.50","25,527.45","25,677.55","25,514.55","472.55M","0.56%"
"23-05-2025","25,453.00","25,255.05","25,497.60","25,225.15","445.25M","0.92%"
"22-05-2025","25,221.90","25,334.80","25,340.20","25,073.65","595.19M","-0.74%"
"21-05-2025","25,409.10","25,307.90","25,514.95","25,252.90","557.74M","0.64%"
"20-05-2025","25,248.65","25,612.85","25,627.50","25,231.35","699.19M","-1.19%"
"19-05-2025","25,551.50","25,594.10","25,663.35","25,524.50","548.60M","-0.16%"
"16-05-2025","25,593.10","25,584.25","25,619.45","25,511.35","782.29M","0.08%"
"15-05-2025","25,573.05","25,228.50","25,617.85","25,049.50","752.83M","1.51%"
"14-05-2025","25,193.30","25,126.10","25,289.25","25,059.25","659.91M","0.42%"
"13-05-2025","25,087.10","25,333.25","25,438.20","25,059.50","787.57M","-1.16%"
"12-05-2025","25,381.40","24,907.20","25,401.25","24,880.95","684.70M","3.86%"
"09-05-2025","24,437.55","24,303.55","24,559.20","24,303.55","633.20M","-0.97%"
"08-05-2025","24,678.00","24,910.40","24,932.25","24,548.90","775.38M","-0.84%"
"07-05-2025","24,887.20","24,650.55","24,919.05","24,644.80","674.13M","0.20%"
"06-05-2025","24,837.45","25,050.60","25,056.40","24,791.30","584.73M","-0.69%"
"05-05-2025","25,010.20","24,931.80","25,056.10","24,915.35","588.26M","0.65%"
"02-05-2025","24,849.20","24,822.45","25,098.40","24,740.30","659.62M","0.02%"
"30-04-2025","24,843.80","24,880.35","24,940.80","24,710.30","707.10M","-0.11%"
"29-04-2025","24,870.40","24,929.80","25,016.50","24,834.35","607.32M","-0.01%"
"28-04-2025","24,874.00","24,596.00","24,903.75","24,590.10","548.49M","1.19%"
"25-04-2025","24,581.30","24,906.10","24,986.85","24,383.15","720.31M","-1.12%"
"24-04-2025","24,860.90","24,899.90","24,968.15","24,824.10","641.18M","-0.31%"
"23-04-2025","24,937.00","24,950.15","24,958.50","24,700.25","694.10M","0.67%"
"22-04-2025","24,770.45","24,792.45","24,855.95","24,663.80","706.74M","0.18%"
"21-04-2025","24,725.80","24,533.40","24,777.45","24,475.00","670.72M","1.26%"
"17-04-2025","24,418.35","24,005.50","24,444.20","23,906.15","749.61M","1.59%"
"16-04-2025","24,037.25","23,935.85","24,052.40","23,865.00","612.23M","0.50%"
"15-04-2025","23,917.40","23,917.60","23,946.50","23,745.55","678.74M","2.35%"
"11-04-2025","23,369.25","23,280.45","23,468.95","23,257.75","618.31M","1.82%"
"09-04-2025","22,952.45","23,011.80","23,012.40","22,879.00","589.76M","-0.54%"
"08-04-2025","23,077.65","22,992.80","23,225.95","22,794.20","719.15M","1.76%"
"07-04-2025","22,677.90","22,186.25","22,767.20","22,177.35","998.33M","-3.22%"
"04-04-2025","23,433.25","23,781.75","23,801.45","23,375.25","772.57M","-1.68%"
"03-04-2025","23,833.30","23,715.95","23,874.65","23,709.85","533.45M","-0.29%"
"02-04-2025","23,901.85","23,742.75","23,919.60","23,683.90","533.77M","0.79%"
"01-04-2025","23,713.80","23,902.30","24,110.60","23,684.30","600.58M","-1.43%"
"28-03-2025","24,057.35","24,154.15","24,220.75","23,992.80","731.36M","-0.36%"
"27-03-2025","24,145.05","23,934.90","24,194.75","23,919.40","1.65B","0.64%"
"26-03-2025","23,990.40","24,188.30","24,246.00","23,958.95","667.97M","-0.70%"
"25-03-2025","24,159.90","24,326.00","24,409.75","24,097.15","702.80M","-0.22%"
"24-03-2025","24,214.20","24,075.90","24,266.95","23,989.80","680.19M","1.31%"
"21-03-2025","23,902.10","23,712.50","23,958.55","23,681.75","1.06B","0.72%"
"20-03-2025","23,730.70","23,605.30","23,758.20","23,509.85","612.67M","1.12%"
"19-03-2025","23,468.35","23,390.40","23,503.25","23,321.55","637.44M","0.55%"
"18-03-2025","23,340.40","23,116.15","23,365.05","23,055.95","591.94M","1.65%"
"17-03-2025","22,960.80","22,806.15","23,029.35","22,806.15","496.26M","0.54%"
"13-03-2025","22,837.85","23,002.65","23,030.45","22,817.00","570.68M","-0.36%"
"12-03-2025","22,919.90","22,990.50","23,039.00","22,755.75","680.33M","-0.10%"
"11-03-2025","22,942.70","22,752.60","22,973.60","22,714.80","704.46M","0.23%"
"10-03-2025","22,890.75","23,005.10","23,155.25","22,861.65","610.41M","-0.59%"
"07-03-2025","23,027.70","23,008.35","23,127.30","22,956.35","577.52M","-0.05%"
"06-03-2025","23,038.80","22,982.55","23,053.95","22,775.35","693.99M","0.96%"
"05-03-2025","22,818.80","22,495.25","22,861.45","22,493.95","658.11M","1.39%"
"04-03-2025","22,504.90","22,357.75","22,535.45","22,324.05","632.84M","-0.04%"
"03-03-2025","22,514.20","22,551.65","22,635.30","22,327.95","702.80M","0.15%"
"28-02-2025","22,479.45","22,821.15","22,839.45","22,452.15","1.21B","-2.04%"
"27-02-2025","22,948.30","23,008.95","23,052.90","22,911.30","612.57M","-0.17%"
"25-02-2025","22,987.15","22,993.15","23,101.90","22,955.75","545.87M","-0.15%"
"24-02-2025","23,021.70","23,075.45","23,127.35","22,985.75","449.50M","-1.08%"
"21-02-2025","23,274.05","23,359.90","23,442.35","23,196.70","568.97M","-0.59%"
"20-02-2025","23,411.40","23,260.25","23,422.15","23,253.20","554.82M","0.18%"
"19-02-2025","23,368.55","23,223.55","23,471.50","23,181.30","521.41M","0.16%"
"18-02-2025","23,331.40","23,354.80","23,392.60","23,174.90","500.32M","-0.05%"
"17-02-2025","23,343.15","23,202.00","23,361.90","23,067.70","522.26M","0.08%"
"14-02-2025","23,325.15","23,572.95","23,605.55","23,165.90","566.53M","-0.76%"
"13-02-2025","23,504.85","23,527.20","23,729.90","23,470.45","534.52M","-0.01%"
"12-02-2025","23,508.35","23,510.80","23,612.30","23,188.85","743.40M","-0.10%"
"11-02-2025","23,530.80","23,897.55","23,906.40","23,442.50","626.00M","-1.53%"
"10-02-2025","23,897.00","24,113.25","24,140.15","23,826.30","484.83M","-0.95%"
"07-02-2025","24,125.50","24,207.80","24,262.70","24,002.55","648.37M","-0.15%"
"06-02-2025","24,161.00","24,356.20","24,367.35","24,108.95","558.01M","-0.45%"
"05-02-2025","24,271.35","24,348.45","24,382.50","24,251.00","611.33M","-0.03%"
"04-02-2025","24,279.65","24,066.55","24,304.50","23,975.35","748.94M","1.60%"
"03-02-2025","23,896.15","23,888.30","23,917.90","23,755.20","785.24M","-0.67%"
"01-02-2025","24,056.65","24,092.10","24,192.65","23,868.55","737.07M","0.01%"
"31-01-2025","24,053.45","23,819.75","24,096.65","23,788.50","779.62M","1.18%"
"30-01-2025","23,772.50","23,714.30","23,852.70","23,660.90","733.49M","0.32%"
"29-01-2025","23,696.25","23,504.00","23,717.25","23,468.85","590.74M","1.09%"
"28-01-2025","23,440.05","23,460.35","23,630.85","23,305.50","811.03M","0.52%"
"27-01-2025","23,319.95","23,501.70","23,538.00","23,277.85","621.87M","-1.44%"
"24-01-2025","23,660.20","23,810.20","23,930.10","23,618.10","528.97M","-0.68%"
"23-01-2025","23,823.25","23,709.40","23,880.30","23,667.05","546.23M","0.36%"
"22-01-2025","23,738.40","23,731.65","23,755.00","23,526.90","709.99M","0.31%"
"21-01-2025","23,664.75","24,101.95","24,110.30","23,630.80","838.45M","-1.60%"
"20-01-2025","24,048.80","24,017.60","24,118.55","23,874.15","624.78M","0.51%"
"17-01-2025","23,926.00","23,958.80","23,981.50","23,802.45","545.18M","-0.24%"
"16-01-2025","23,984.55","24,036.75","24,049.10","23,958.65","659.27M","0.61%"
"15-01-2025","23,839.25","23,866.65","23,921.90","23,755.55","610.83M","0.29%"
"14-01-2025","23,770.60","23,679.70","23,850.00","23,674.30","791.52M","0.78%"
"13-01-2025","23,586.80","23,808.10","23,931.75","23,548.75","745.57M","-1.99%"
"10-01-2025","24,064.75","24,252.80","24,288.75","23,982.90","603.48M","-0.69%"
"09-01-2025","24,232.30","24,419.40","24,431.35","24,213.70","521.66M","-0.79%"
"08-01-2025","24,426.00","24,515.60","24,521.45","24,232.90","542.81M","-0.21%"
"07-01-2025","24,478.10","24,460.95","24,597.55","24,411.65","585.62M","0.30%"
"06-01-2025","24,404.60","24,920.40","24,929.15","24,335.25","707.25M","-1.91%"
"03-01-2025","24,879.85","25,058.25","25,060.90","24,849.90","668.71M","-0.60%"
"02-01-2025","25,028.80","24,637.15","25,054.85","24,599.95","553.14M","1.76%"
"01-01-2025","24,595.70","24,493.35","24,663.00","24,410.35","306.98M","0.41%"
"31-12-2024","24,495.55","24,407.75","24,542.95","24,300.75","457.74M","-0.02%"
"30-12-2024","24,500.75","24,623.10","24,732.10","24,436.20","1.20B","-0.53%"
"27-12-2024","24,632.00","24,657.70","24,784.05","24,618.10","328.62M","0.08%"
"26-12-2024","24,611.35","24,623.25","24,692.85","24,509.00","371.07M","0.16%"
"24-12-2024","24,572.50","24,617.30","24,715.70","24,534.90","387.78M","-0.11%"
"23-12-2024","24,599.75","24,597.30","24,735.75","24,502.80","492.99M","0.62%"
"20-12-2024","24,448.85","24,902.60","25,002.00","24,400.25","1.03B","-1.75%"
"19-12-2024","24,884.95","24,783.70","24,934.10","24,776.45","542.25M","-1.01%"
"18-12-2024","25,137.60","25,290.70","25,358.80","25,087.35","483.07M","-0.73%"
"17-12-2024","25,321.65","25,579.00","25,624.25","25,288.35","547.77M","-1.29%"
"16-12-2024","25,652.85","25,719.85","25,748.35","25,584.50","409.77M","-0.28%"
"13-12-2024","25,724.60","25,493.85","25,745.75","25,148.90","628.86M","0.70%"
"12-12-2024","25,546.40","25,606.65","25,668.20","25,530.90","575.47M","-0.35%"
"11-12-2024","25,635.05","25,603.25","25,681.55","25,575.35","528.38M","0.14%"
"10-12-2024","25,600.20","25,634.15","25,659.95","25,494.60","550.42M","0.02%"
"09-12-2024","25,594.20","25,622.75","25,687.65","25,556.05","624.27M","-0.27%"
"06-12-2024","25,663.90","25,693.30","25,735.55","25,593.85","764.22M","0.02%"
"05-12-2024","25,657.85","25,508.90","25,784.40","25,274.80","717.43M","0.90%"
"04-12-2024","25,428.40","25,443.25","25,521.30","25,308.90","739.74M","0.14%"
"03-12-2024","25,393.25","25,284.50","25,410.10","25,221.30","673.18M","0.77%"
"02-12-2024","25,198.15","25,063.55","25,221.10","24,953.25","501.50M","0.58%"
"29-11-2024","25,053.95","24,857.65","25,120.30","24,856.75","746.73M","0.88%"
"28-11-2024","24,836.25","25,135.90","25,230.10","24,791.60","790.19M","-1.11%"
"27-11-2024","25,115.15","25,004.45","25,187.50","24,948.80","670.73M","0.53%"
"26-11-2024","24,983.10","25,112.15","25,113.70","24,925.10","498.40M","-0.04%"
"25-11-2024","24,993.65","25,041.45","25,153.55","24,938.80","1.38B","1.37%"
"22-11-2024","24,655.35","24,185.35","24,704.55","24,127.65","745.99M","2.16%"
"21-11-2024","24,135.10","24,293.85","24,306.95","24,014.25","953.65M","-0.98%"
"19-11-2024","24,374.70","24,386.15","24,640.15","24,320.00","601.96M","0.30%"
"18-11-2024","24,301.00","24,467.55","24,468.05","24,195.35","575.37M","-0.27%"
"14-11-2024","24,366.05","24,348.80","24,508.30","24,305.80","610.28M","0.08%"
"13-11-2024","24,347.00","24,650.65","24,716.85","24,293.90","691.42M","-1.49%"
"12-11-2024","24,715.55","25,094.35","25,132.65","24,667.00","546.44M","-1.19%"
"11-11-2024","25,013.30","24,942.80","25,210.25","24,845.35","566.26M","0.04%"
"08-11-2024","25,002.95","25,118.25","25,186.55","24,954.10","581.71M","-0.43%"
"07-11-2024","25,110.70","25,419.60","25,429.40","25,097.80","649.82M","-1.15%"
"06-11-2024","25,403.15","25,167.50","25,443.30","25,078.30","760.35M","1.37%"
"05-11-2024","25,060.80","24,783.60","25,080.50","24,671.70","676.72M","0.82%"
"04-11-2024","24,857.75","25,192.95","25,195.40","24,668.75","742.89M","-1.30%"
"01-11-2024","25,184.60","25,171.00","25,250.90","25,157.60","125.39M","0.50%"
"31-10-2024","25,059.50","25,207.80","25,235.90","25,020.05","678.33M","-0.54%"
"30-10-2024","25,195.05","25,227.20","25,364.55","25,164.50","699.86M","-0.50%"
"29-10-2024","25,321.30","25,171.95","25,339.10","24,952.05","766.09M","0.58%"
"28-10-2024","25,175.20","25,086.95","25,321.65","24,932.75","756.12M","0.61%"
"25-10-2024","25,022.20","25,305.30","25,326.60","24,897.20","767.88M","-1.00%"
"24-10-2024","25,275.50","25,315.05","25,376.85","25,217.95","562.09M","-0.18%"
"23-10-2024","25,320.65","25,266.40","25,491.70","25,240.65","844.83M","-0.11%"
"22-10-2024","25,348.05","25,760.15","25,828.15","25,322.60","698.07M","-1.52%"
"21-10-2024","25,739.50","25,956.85","25,991.45","25,673.05","520.05M","-0.44%"
"18-10-2024","25,853.80","25,671.40","25,888.85","25,547.55","644.97M","0.34%"
"17-10-2024","25,765.35","26,105.55","26,109.80","25,752.50","528.47M","-1.12%"
"16-10-2024","26,058.10","26,106.75","26,188.70","25,987.80","483.37M","-0.35%"
"15-10-2024","26,149.10","26,272.65","26,291.55","26,091.60","487.96M","-0.19%"
"14-10-2024","26,197.90","26,117.55","26,222.60","26,105.60","419.84M","0.55%"
"11-10-2024","26,054.10","26,077.40","26,118.10","26,002.20","394.78M","-0.10%"
"10-10-2024","26,079.45","26,168.00","26,241.15","26,059.95","531.94M","0.01%"
"09-10-2024","26,076.60","26,129.30","26,331.20","26,042.60","669.05M","0.07%"
"08-10-2024","26,057.35","25,772.00","26,091.35","25,698.50","746.05M","1.19%"
"07-10-2024","25,749.65","26,141.65","26,189.95","25,644.40","884.05M","-1.18%"
"04-10-2024","26,056.00","26,238.50","26,520.80","26,007.55","828.49M","-0.95%"
"03-10-2024","26,305.25","26,511.55","26,713.10","26,267.85","892.09M","-2.16%"
"01-10-2024","26,885.25","26,879.95","26,994.15","26,828.50","621.40M","-0.02%"
"30-09-2024","26,890.15","27,147.35","27,203.00","26,870.65","712.59M","-1.33%"
"27-09-2024","27,253.85","27,283.25","27,335.65","27,228.25","1.32B","-0.01%"
"26-09-2024","27,256.25","27,068.30","27,284.90","27,056.85","740.61M","0.76%"
"25-09-2024","27,051.65","26,997.75","27,076.80","26,921.95","601.05M","0.09%"
"24-09-2024","27,027.50","27,013.60","27,087.90","26,975.25","782.21M","0.01%"
"23-09-2024","27,024.10","26,920.05","27,039.55","26,898.20","564.05M","0.76%"
"20-09-2024","26,821.00","26,532.45","26,879.00","26,454.50","1.01B","1.50%"
"19-09-2024","26,425.25","26,540.15","26,638.90","26,332.75","718.93M","0.02%"
"18-09-2024","26,420.15","26,461.90","26,525.85","26,318.10","534.35M","-0.19%"
"17-09-2024","26,471.30","26,491.95","26,495.60","26,408.05","484.85M","0.07%"
"16-09-2024","26,453.40","26,486.80","26,522.00","26,409.80","433.62M","0.13%"
"13-09-2024","26,419.90","26,511.00","26,511.00","26,387.10","600.15M","-0.16%"
"12-09-2024","26,461.10","26,145.90","26,497.50","26,041.60","716.37M","1.82%"
"11-09-2024","25,987.80","26,118.80","26,204.10","25,950.05","663.42M","-0.49%"
"10-09-2024","26,115.20","26,086.50","26,214.75","25,979.90","611.31M","0.40%"
"09-09-2024","26,011.25","25,898.90","26,035.40","25,786.30","608.95M","0.32%"
"06-09-2024","25,928.55","26,195.40","26,254.85","25,877.45","726.65M","-1.18%"
"05-09-2024","26,239.10","26,339.45","26,359.70","26,222.00","601.08M","-0.14%"
"04-09-2024","26,275.75","26,143.00","26,291.00","26,137.00","573.21M","-0.25%"
"03-09-2024","26,341.70","26,394.00","26,394.15","26,309.00","543.13M","0.03%"
"02-09-2024","26,335.00","26,383.45","26,383.50","26,261.70","563.86M","0.23%"
"30-08-2024","26,274.35","26,291.15","26,309.05","26,242.55","1.02B","0.33%"
"29-08-2024","26,188.90","26,107.45","26,222.35","26,023.35","667.42M","0.28%"
"28-08-2024","26,116.80","26,116.15","26,193.60","26,033.95","476.12M","0.13%"
"27-08-2024","26,083.15","26,098.75","26,134.85","26,038.25","478.62M","0.02%"
"26-08-2024","26,076.80","25,998.55","26,102.75","25,952.95","460.37M","0.66%"
"23-08-2024","25,905.95","25,956.30","25,972.05","25,880.50","549.35M","-0.02%"
"22-08-2024","25,910.45","25,958.10","25,961.80","25,877.50","486.86M","0.22%"
"21-08-2024","25,853.20","25,775.70","25,871.60","25,746.60","539.50M","0.27%"
"20-08-2024","25,782.35","25,718.35","25,801.95","25,673.90","650.00M","0.56%"
"19-08-2024","25,638.20","25,699.95","25,701.40","25,604.45","562.76M","0.23%"
"16-08-2024","25,578.50","25,355.80","25,599.45","25,221.25","576.35M","1.66%"
"14-08-2024","25,160.65","25,210.00","25,224.20","25,090.35","612.91M","0.02%"
"13-08-2024","25,155.15","25,396.75","25,414.30","25,131.80","564.53M","-0.91%"
"12-08-2024","25,386.05","25,356.20","25,501.30","25,233.90","618.26M","-0.15%"
"09-08-2024","25,425.40","25,443.05","25,477.90","25,362.90","526.36M","1.05%"
"08-08-2024","25,161.25","25,314.00","25,383.00","25,125.75","653.69M","-0.74%"
"07-08-2024","25,349.00","25,286.20","25,373.60","25,171.65","803.20M","1.64%"
"06-08-2024","24,940.75","25,199.20","25,427.35","24,905.30","856.07M","-0.41%"
"05-08-2024","25,043.05","25,291.05","25,375.65","24,871.55","1.27B","-2.83%"
"02-08-2024","25,771.90","25,833.75","25,930.85","25,743.80","1.07B","-1.10%"
"01-08-2024","26,057.80","26,101.10","26,145.60","25,983.65","922.08M","0.12%"
"31-07-2024","26,025.60","25,960.40","26,054.30","25,931.45","759.24M","0.43%"
"30-07-2024","25,914.10","25,920.40","26,031.80","25,869.10","830.97M","0.05%"
"29-07-2024","25,901.95","25,966.10","26,040.70","25,832.80","1.04B","0.23%"
"26-07-2024","25,841.90","25,451.90","25,863.30","25,438.70","808.52M","1.71%"
"25-07-2024","25,407.50","25,203.00","25,428.60","25,184.70","865.09M","0.07%"
"24-07-2024","25,389.00","25,398.05","25,476.00","25,288.50","773.92M","-0.12%"
"23-07-2024","25,419.60","25,566.20","25,575.45","24,895.55","1.03B","-0.28%"
"22-07-2024","25,490.40","25,357.25","25,567.90","25,275.10","691.24M","0.16%"
"19-07-2024","25,450.85","25,820.45","25,821.10","25,428.30","819.84M","-1.30%"
"18-07-2024","25,784.80","25,621.45","25,812.70","25,501.60","865.97M","0.41%"
"16-07-2024","25,679.10","25,736.10","25,762.25","25,655.00","718.09M","-0.07%"
"15-07-2024","25,696.05","25,674.90","25,726.25","25,599.35","826.30M","0.46%"
"12-07-2024","25,577.30","25,514.75","25,677.70","25,458.05","937.65M","0.56%"
"11-07-2024","25,433.75","25,503.65","25,508.30","25,312.00","746.27M","0.03%"
"10-07-2024","25,425.65","25,557.65","25,557.70","25,165.00","857.06M","-0.35%"
"09-07-2024","25,515.10","25,440.85","25,524.45","25,414.25","745.75M","0.48%"
"08-07-2024","25,393.55","25,414.50","25,427.25","25,310.00","903.45M","0.01%"
"05-07-2024","25,391.25","25,272.40","25,426.40","25,229.30","855.55M","0.19%"
"04-07-2024","25,342.55","25,394.35","25,433.40","25,319.60","587.19M","0.14%"
"03-07-2024","25,306.90","25,287.00","25,328.65","25,211.00","690.22M","0.74%"
"02-07-2024","25,120.10","25,241.75","25,247.60","25,039.05","734.97M","-0.14%"
"01-07-2024","25,155.70","25,004.00","25,172.95","24,996.65","639.82M","0.59%"
"28-06-2024","25,007.25","25,075.65","25,165.80","24,981.75","810.26M","-0.08%"
"27-06-2024","25,026.55","24,878.45","25,070.25","24,819.60","1.06B","0.64%"
"26-06-2024","24,867.15","24,754.65","24,888.30","24,689.95","779.78M","0.44%"
"25-06-2024","24,757.80","24,674.10","24,786.70","24,626.00","654.97M","0.55%"
"24-06-2024","24,621.60","24,443.75","24,635.85","24,382.15","629.19M","0.27%"
"21-06-2024","24,555.50","24,743.55","24,746.40","24,480.30","1.07B","-0.38%"
"20-06-2024","24,649.85","24,668.65","24,695.50","24,532.85","676.34M","0.20%"
"19-06-2024","24,599.90","24,762.50","24,763.60","24,499.30","862.78M","-0.34%"
"18-06-2024","24,683.55","24,689.75","24,700.60","24,612.95","708.61M","0.46%"
"14-06-2024","24,571.65","24,529.00","24,592.90","24,411.15","671.83M","0.50%"
"13-06-2024","24,449.50","24,527.05","24,527.15","24,376.75","732.49M","0.41%"
"12-06-2024","24,348.80","24,358.85","24,445.80","24,313.40","752.00M","0.32%"
"11-06-2024","24,271.05","24,306.40","24,403.65","24,222.35","761.39M","0.00%"
"10-06-2024","24,271.15","24,328.95","24,417.80","24,229.15","796.18M","0.02%"
"07-06-2024","24,266.05","23,812.95","24,291.35","23,758.10","976.73M","1.93%"
"06-06-2024","23,806.95","23,754.95","23,917.05","23,627.45","1.16B","1.09%"
"05-06-2024","23,550.75","23,027.70","23,597.20","22,563.65","1.78B","3.57%"
"04-06-2024","22,739.60","24,268.05","24,268.05","22,003.75","2.90B","-6.59%"
"03-06-2024","24,344.20","24,444.70","24,445.20","24,133.15","1.55B","3.51%"
"31-05-2024","23,518.05","23,561.85","23,620.55","23,439.70","1.69B","0.22%"
"30-05-2024","23,466.30","23,609.90","23,696.20","23,393.30","816.05M","-0.93%"
"29-05-2024","23,687.70","23,744.95","23,816.35","23,670.95","680.06M","-0.78%"
"28-05-2024","23,873.90","24,011.45","24,028.15","23,840.05","626.89M","-0.36%"
"27-05-2024","23,959.85","24,075.00","24,106.85","23,903.30","761.51M","-0.08%"
"24-05-2024","23,980.10","23,962.20","24,060.75","23,926.40","751.65M","-0.01%"
"23-05-2024","23,982.35","23,662.90","24,004.85","23,632.45","982.43M","1.47%"
"22-05-2024","23,633.90","23,634.50","23,663.40","23,498.75","812.59M","0.27%"
"21-05-2024","23,569.90","23,450.95","23,625.90","23,449.75","985.97M","0.26%"
"18-05-2024","23,508.60","23,505.25","23,519.70","23,472.50","116.93M","0.27%"
"17-05-2024","23,444.30","23,368.35","23,466.00","23,307.25","770.24M","0.43%"
"16-05-2024","23,343.55","23,258.80","23,370.85","22,997.50","845.77M","0.91%"
"15-05-2024","23,133.85","23,177.80","23,224.85","23,078.05","677.79M","0.07%"
"14-05-2024","23,118.20","22,979.40","23,162.70","22,942.25","681.75M","0.71%"
"13-05-2024","22,956.35","22,904.40","22,988.35","22,630.85","733.21M","0.21%"
"10-05-2024","22,909.10","22,844.25","22,960.30","22,784.65","648.14M","0.52%"
"09-05-2024","22,790.20","23,114.60","23,190.40","22,763.30","787.65M","-1.62%"
"08-05-2024","23,166.00","23,040.80","23,236.65","22,982.85","737.48M","0.27%"
"07-05-2024","23,103.75","23,350.50","23,355.80","23,020.45","802.22M","-0.83%"
"06-05-2024","23,297.75","23,458.60","23,466.00","23,256.40","907.24M","-0.36%"
"03-05-2024","23,382.75","23,668.50","23,693.50","23,234.75","847.84M","-0.67%"
"02-05-2024","23,541.30","23,422.90","23,593.20","23,421.90","953.77M","0.45%"
"30-04-2024","23,436.50","23,499.75","23,618.70","23,402.75","948.98M","-0.03%"
"29-04-2024","23,443.80","23,305.70","23,457.90","23,250.90","671.80M","0.91%"
"26-04-2024","23,232.10","23,389.20","23,392.80","23,200.70","754.83M","-0.42%"
"25-04-2024","23,329.80","23,099.45","23,372.90","23,092.35","798.02M","0.70%"
"24-04-2024","23,167.80","23,177.00","23,230.65","23,148.30","544.82M","0.22%"
"23-04-2024","23,116.00","23,200.45","23,200.70","23,098.95","540.24M","0.16%"
"22-04-2024","23,078.90","23,067.30","23,115.65","22,934.35","630.97M","0.96%"
"19-04-2024","22,859.80","22,591.10","22,896.50","22,469.05","732.68M","0.53%"
"18-04-2024","22,740.20","22,964.05","23,080.50","22,702.65","910.22M","-0.57%"
"16-04-2024","22,870.30","22,834.10","22,944.65","22,798.20","720.07M","-0.42%"
"15-04-2024","22,967.10","23,026.70","23,139.30","22,908.60","852.00M","-1.24%"
"12-04-2024","23,254.90","23,412.85","23,466.80","23,244.40","803.52M","-0.94%"
"10-04-2024","23,474.70","23,431.95","23,494.80","23,391.80","676.67M","0.54%"
"09-04-2024","23,348.90","23,480.10","23,480.40","23,304.50","580.81M","-0.13%"
"08-04-2024","23,380.30","23,324.90","23,422.30","23,289.25","595.27M","0.60%"
"05-04-2024","23,240.55","23,185.30","23,262.90","23,128.90","650.13M","0.15%"
"04-04-2024","23,206.00","23,304.20","23,327.95","23,034.00","825.00M","0.30%"
"03-04-2024","23,136.60","23,077.70","23,212.55","23,038.20","757.01M","-0.01%"
"02-04-2024","23,138.55","23,124.30","23,162.55","23,056.30","736.20M","0.14%"
"01-04-2024","23,107.15","23,065.15","23,161.75","23,058.65","561.39M","0.81%"
"28-03-2024","22,920.70","22,747.55","23,090.20","22,747.55","643.01M","0.98%"
"27-03-2024","22,698.50","22,661.70","22,793.15","22,661.70","710.92M","0.43%"
"26-03-2024","22,601.35","22,494.15","22,650.40","22,493.70","601.13M","-0.14%"
"22-03-2024","22,633.80","22,476.70","22,709.35","22,414.50","630.02M","0.42%"
"21-03-2024","22,538.90","22,472.60","22,583.05","22,445.15","632.17M","1.04%"
"20-03-2024","22,307.75","22,310.30","22,383.10","22,140.20","552.67M","0.15%"
"19-03-2024","22,274.65","22,449.20","22,471.90","22,254.55","595.01M","-1.18%"
"18-03-2024","22,541.15","22,462.30","22,607.50","22,393.70","600.70M","0.21%"
"15-03-2024","22,494.70","22,548.55","22,613.90","22,367.65","1.22B","-0.57%"
"14-03-2024","22,623.70","22,371.35","22,664.20","22,296.65","754.66M","1.00%"
"13-03-2024","22,399.00","22,928.15","22,944.05","22,294.45","902.97M","-1.93%"
"12-03-2024","22,840.90","22,901.80","22,990.05","22,784.90","568.51M","-0.24%"
"11-03-2024","22,895.45","23,066.95","23,073.55","22,867.45","611.05M","-0.61%"
"07-03-2024","23,036.05","23,024.05","23,070.65","22,970.85","721.04M","0.21%"
"06-03-2024","22,988.35","22,878.55","23,011.55","22,724.10","1.17B","0.38%"
"05-03-2024","22,900.65","22,927.75","22,956.95","22,824.85","631.44M","-0.19%"
"04-03-2024","22,944.80","22,947.75","22,985.95","22,889.35","630.44M","0.13%"
"02-03-2024","22,915.70","22,935.15","22,951.95","22,903.70","61.64M","0.23%"
"01-03-2024","22,862.05","22,605.70","22,874.45","22,604.65","618.46M","1.49%"
"29-02-2024","22,526.30","22,441.95","22,609.35","22,358.20","1.15B","0.31%"
"28-02-2024","22,457.65","22,746.40","22,764.55","22,421.45","536.76M","-1.16%"
"27-02-2024","22,722.30","22,643.65","22,753.00","22,641.00","503.63M","0.24%"
"26-02-2024","22,667.75","22,698.70","22,743.40","22,617.30","476.76M","-0.29%"
"23-02-2024","22,734.30","22,798.65","22,804.80","22,704.90","566.45M","0.04%"
"22-02-2024","22,725.40","22,587.15","22,759.05","22,389.85","625.41M","0.79%"
"21-02-2024","22,547.60","22,743.65","22,757.25","22,488.50","693.06M","-0.61%"
"20-02-2024","22,685.65","22,604.75","22,704.35","22,545.85","566.92M","0.30%"
"19-02-2024","22,618.25","22,611.65","22,686.05","22,527.75","500.54M","0.34%"
"16-02-2024","22,540.90","22,516.90","22,570.20","22,469.70","742.97M","0.60%"
"15-02-2024","22,405.55","22,398.40","22,447.55","22,301.65","889.78M","0.41%"
"14-02-2024","22,313.40","22,014.15","22,336.85","21,972.30","678.68M","0.59%"
"13-02-2024","22,181.60","22,090.50","22,196.85","21,934.80","724.94M","0.63%"
"12-02-2024","22,042.10","22,273.50","22,301.90","22,001.70","768.62M","-0.92%"
"09-02-2024","22,247.55","22,223.15","22,274.60","22,044.45","1.01B","0.20%"
"08-02-2024","22,202.75","22,456.40","22,459.95","22,150.80","1.06B","-0.72%"
"07-02-2024","22,363.70","22,428.65","22,437.65","22,261.95","810.24M","0.29%"
"06-02-2024","22,299.30","22,177.05","22,315.15","22,074.35","726.10M","0.84%"
"05-02-2024","22,113.40","22,284.15","22,329.70","22,064.15","915.60M","-0.39%"
"02-02-2024","22,199.00","22,158.70","22,444.75","22,155.00","983.74M","0.72%"
"01-02-2024","22,039.60","22,123.45","22,169.85","21,985.70","815.36M","-0.05%"
"31-01-2024","22,051.55","21,823.15","22,067.15","21,783.40","882.86M","0.94%"
"30-01-2024","21,846.20","22,088.60","22,120.35","21,826.05","774.43M","-0.89%"
"29-01-2024","22,041.60","21,752.10","22,066.75","21,744.20","831.97M","1.73%"
"25-01-2024","21,666.50","21,763.65","21,763.65","21,541.85","818.69M","-0.37%"
"24-01-2024","21,746.00","21,469.95","21,771.75","21,391.80","781.37M","1.11%"
"23-01-2024","21,506.80","22,037.65","22,054.85","21,464.75","906.35M","-1.71%"
"20-01-2024","21,880.50","22,003.95","22,019.60","21,854.55","376.85M","-0.16%"
"19-01-2024","21,916.00","21,882.80","21,942.85","21,849.65","697.37M","0.86%"
"18-01-2024","21,730.10","21,698.30","21,799.30","21,509.10","770.18M","-0.50%"
"17-01-2024","21,839.95","21,925.60","22,110.55","21,819.90","868.17M","-1.95%"
"16-01-2024","22,274.60","22,329.80","22,367.30","22,204.55","631.41M","-0.29%"
"15-01-2024","22,338.75","22,313.00","22,355.45","22,202.70","631.13M","0.81%"
"12-01-2024","22,159.25","22,065.10","22,192.75","22,003.15","606.46M","0.99%"
"11-01-2024","21,942.15","21,963.75","22,004.10","21,886.65","507.32M","0.26%"
"10-01-2024","21,885.80","21,806.10","21,907.50","21,704.50","488.57M","0.32%"
"09-01-2024","21,815.15","21,915.65","21,986.60","21,788.70","478.43M","0.20%"
"08-01-2024","21,770.75","22,016.70","22,024.15","21,750.25","518.39M","-0.93%"
"05-01-2024","21,974.60","21,988.50","22,027.00","21,882.25","649.62M","0.18%"
"04-01-2024","21,934.40","21,865.40","21,961.40","21,830.90","639.76M","0.75%"
"03-01-2024","21,771.40","21,877.60","21,890.65","21,752.55","696.28M","-0.43%"
"02-01-2024","21,865.25","21,955.80","21,959.55","21,727.35","576.35M","-0.32%"
"01-01-2024","21,934.70","21,928.70","22,026.20","21,877.30","444.47M","0.07%"
"29-12-2023","21,918.80","21,903.45","21,944.45","21,847.50","643.43M","-0.06%"
"28-12-2023","21,931.75","21,879.85","21,951.90","21,836.95","911.29M","0.53%"
"27-12-2023","21,815.45","21,683.90","21,834.70","21,678.40","521.90M","0.92%"
"26-12-2023","21,617.05","21,539.40","21,647.05","21,504.60","501.50M","0.50%"
"22-12-2023","21,508.85","21,461.25","21,544.20","21,382.20","619.50M","0.50%"
"21-12-2023","21,402.15","21,135.30","21,435.00","21,073.90","604.18M","0.63%"
"20-12-2023","21,267.35","21,728.65","21,775.75","21,206.35","759.55M","-1.64%"
"19-12-2023","21,622.95","21,647.45","21,672.55","21,494.40","559.55M","0.17%"
"18-12-2023","21,585.25","21,585.20","21,644.00","21,510.15","588.12M","-0.05%"
"15-12-2023","21,595.50","21,471.20","21,624.75","21,411.35","870.77M","1.08%"
"14-12-2023","21,364.30","21,279.40","21,392.75","21,252.70","688.01M","1.25%"
"13-12-2023","21,099.60","21,088.35","21,122.15","20,930.25","582.96M","0.20%"
"12-12-2023","21,058.25","21,191.90","21,203.70","21,009.90","514.38M","-0.49%"
"11-12-2023","21,161.70","21,114.75","21,181.10","21,089.30","533.17M","0.26%"
"08-12-2023","21,107.20","21,125.20","21,172.35","20,981.70","694.04M","0.15%"
"07-12-2023","21,076.35","21,086.25","21,102.80","21,014.20","782.04M","0.01%"
"06-12-2023","21,074.15","21,055.10","21,093.00","20,978.10","840.23M","0.60%"
"05-12-2023","20,949.25","20,870.40","20,957.65","20,783.60","901.40M","0.92%"
"04-12-2023","20,757.95","20,687.35","20,773.70","20,586.75","901.15M","2.06%"
"01-12-2023","20,339.45","20,274.60","20,365.45","20,263.10","657.65M","0.69%"
"30-11-2023","20,201.00","20,152.85","20,226.40","20,063.40","1.18B","0.32%"
"29-11-2023","20,136.20","20,037.25","20,144.60","20,021.30","634.53M","0.99%"
"28-11-2023","19,938.40","19,867.75","19,964.95","19,832.50","594.38M","0.64%"
"24-11-2023","19,812.10","19,831.80","19,854.70","19,792.75","343.96M","-0.04%"
"23-11-2023","19,819.40","19,839.70","19,883.45","19,802.25","333.41M","0.00%"
"22-11-2023","19,818.90","19,810.30","19,849.05","19,716.95","374.38M","0.06%"
"21-11-2023","19,806.40","19,807.50","19,851.80","19,788.05","375.93M","0.38%"
"20-11-2023","19,730.70","19,779.55","19,795.10","19,715.15","359.34M","-0.22%"
"17-11-2023","19,773.45","19,704.60","19,835.75","19,696.10","511.31M","-0.06%"
"16-11-2023","19,785.85","19,701.65","19,884.30","19,652.60","500.73M","0.44%"
"15-11-2023","19,698.40","19,675.50","19,714.90","19,611.05","570.43M","1.14%"
"13-11-2023","19,475.70","19,508.60","19,515.20","19,436.60","404.05M","-0.35%"
"12-11-2023","19,544.45","19,571.20","19,571.20","19,528.55","78.03M","0.51%"
"10-11-2023","19,444.80","19,371.55","19,468.75","19,344.90","350.51M","0.16%"
"09-11-2023","19,413.80","19,489.15","19,494.45","19,398.60","420.62M","-0.29%"
"08-11-2023","19,470.10","19,466.90","19,485.25","19,426.45","475.89M","0.27%"
"07-11-2023","19,416.80","19,398.25","19,433.90","19,331.55","583.34M","0.09%"
"06-11-2023","19,399.10","19,333.20","19,410.70","19,300.35","570.29M","0.92%"
"03-11-2023","19,222.10","19,215.90","19,256.45","19,200.30","606.97M","0.60%"
"02-11-2023","19,107.25","19,074.55","19,128.15","19,028.15","503.44M","0.87%"
"01-11-2023","18,942.30","19,028.85","19,061.95","18,926.05","449.85M","-0.49%"
"31-10-2023","19,035.35","19,174.60","19,175.20","19,012.35","451.05M","-0.24%"
"30-10-2023","19,080.85","19,007.60","19,096.50","18,882.40","376.76M","0.45%"
"27-10-2023","18,996.10","18,859.00","19,024.75","18,856.90","471.50M","1.15%"
"26-10-2023","18,780.60","18,941.40","18,954.55","18,743.30","665.81M","-1.33%"
"25-10-2023","19,034.40","19,196.75","19,264.90","18,977.15","454.67M","-0.81%"
"23-10-2023","19,189.10","19,451.40","19,482.70","19,162.20","443.59M","-1.43%"
"20-10-2023","19,468.40","19,488.25","19,533.35","19,450.30","436.68M","-0.48%"
"19-10-2023","19,562.30","19,490.95","19,613.75","19,449.35","411.17M","-0.25%"
"18-10-2023","19,611.35","19,769.35","19,780.00","19,600.35","496.42M","-0.75%"
"17-10-2023","19,758.90","19,787.10","19,792.75","19,726.30","383.91M","0.40%"
"16-10-2023","19,680.65","19,678.10","19,726.40","19,636.40","377.96M","-0.06%"
"13-10-2023","19,691.70","19,598.35","19,744.30","19,579.95","485.90M","-0.18%"
"12-10-2023","19,728.10","19,755.95","19,775.80","19,709.20","492.04M","-0.04%"
"11-10-2023","19,736.80","19,695.50","19,767.15","19,686.60","526.46M","0.61%"
"10-10-2023","19,616.55","19,485.95","19,640.70","19,484.75","453.81M","0.97%"
"09-10-2023","19,428.90","19,462.50","19,504.65","19,391.75","399.28M","-0.79%"
"06-10-2023","19,584.45","19,554.40","19,606.05","19,524.70","390.80M","0.56%"
"05-10-2023","19,476.05","19,462.45","19,504.35","19,420.80","634.69M","0.52%"
"04-10-2023","19,376.25","19,416.05","19,423.90","19,277.30","612.22M","-0.60%"
"03-10-2023","19,492.70","19,569.90","19,571.50","19,434.45","545.86M","-0.43%"
"29-09-2023","19,577.05","19,511.45","19,656.45","19,482.00","440.56M","0.64%"
"28-09-2023","19,451.65","19,698.45","19,703.35","19,421.25","602.26M","-1.03%"
"27-09-2023","19,654.95","19,583.40","19,668.00","19,498.45","396.76M","0.25%"
"26-09-2023","19,606.05","19,615.85","19,640.95","19,579.65","367.63M","0.00%"
"25-09-2023","19,606.85","19,622.05","19,663.00","19,539.70","363.90M","-0.04%"
"22-09-2023","19,614.20","19,679.50","19,732.80","19,597.20","474.20M","-0.31%"
"21-09-2023","19,674.80","19,779.20","19,784.80","19,641.20","465.83M","-0.80%"
"20-09-2023","19,832.60","19,919.00","19,984.15","19,809.55","658.16M","-1.11%"
"18-09-2023","20,056.15","20,092.95","20,115.50","20,039.75","560.90M","-0.26%"
"15-09-2023","20,108.40","20,079.75","20,136.30","20,048.75","810.61M","0.42%"
"14-09-2023","20,024.80","20,040.55","20,083.70","19,961.40","485.43M","0.24%"
"13-09-2023","19,977.80","19,900.85","20,000.50","19,844.75","496.30M","0.36%"
"12-09-2023","19,905.20","20,082.10","20,082.40","19,835.05","662.98M","-0.33%"
"11-09-2023","19,970.80","19,864.90","19,981.00","19,841.75","547.13M","0.92%"
"08-09-2023","19,789.30","19,741.30","19,834.90","19,690.50","585.95M","0.50%"
"07-09-2023","19,690.50","19,572.10","19,703.00","19,533.15","618.33M","0.57%"
"06-09-2023","19,578.25","19,542.00","19,599.95","19,464.10","706.34M","0.24%"
"05-09-2023","19,531.20","19,525.15","19,542.80","19,482.20","536.71M","0.23%"
"04-09-2023","19,485.50","19,473.40","19,499.75","19,382.95","636.24M","0.53%"
"01-09-2023","19,382.95","19,212.90","19,403.75","19,210.15","582.62M","0.93%"
"31-08-2023","19,204.80","19,331.35","19,338.55","19,178.00","876.03M","-0.53%"
"30-08-2023","19,307.50","19,383.70","19,400.65","19,295.35","598.02M","0.08%"
"29-08-2023","19,291.25","19,311.70","19,313.15","19,259.45","508.56M","0.25%"
"28-08-2023","19,243.65","19,235.90","19,299.10","19,183.35","507.00M","0.26%"
"25-08-2023","19,193.90","19,242.55","19,278.50","19,162.70","685.64M","-0.67%"
"24-08-2023","19,323.35","19,458.35","19,504.20","19,306.65","470.35M","-0.20%"
"23-08-2023","19,362.55","19,371.35","19,397.00","19,302.70","448.65M","0.19%"
"22-08-2023","19,325.45","19,333.05","19,364.25","19,305.50","455.44M","0.11%"
"21-08-2023","19,303.40","19,224.05","19,333.20","19,205.25","408.73M","0.49%"
"18-08-2023","19,209.35","19,208.25","19,273.15","19,157.45","435.82M","-0.29%"
"17-08-2023","19,264.60","19,350.80","19,361.60","19,236.30","425.79M","-0.48%"
"16-08-2023","19,358.05","19,268.05","19,375.05","19,212.75","429.53M","0.14%"
"14-08-2023","19,330.80","19,313.45","19,363.55","19,153.70","455.06M","-0.15%"
"11-08-2023","19,359.00","19,482.30","19,484.40","19,343.25","461.19M","-0.53%"
"10-08-2023","19,463.10","19,535.55","19,548.90","19,423.50","564.71M","-0.47%"
"09-08-2023","19,554.75","19,510.60","19,565.70","19,403.05","511.72M","0.29%"
"08-08-2023","19,497.45","19,554.60","19,560.55","19,450.10","595.74M","-0.12%"
"07-08-2023","19,521.85","19,509.90","19,546.15","19,451.20","642.67M","0.38%"
"04-08-2023","19,448.75","19,394.75","19,472.50","19,378.40","866.02M","0.71%"
"03-08-2023","19,310.90","19,388.55","19,453.90","19,222.40","822.52M","-0.70%"
"02-08-2023","19,447.10","19,590.55","19,610.00","19,339.75","560.55M","-1.08%"
"01-08-2023","19,659.85","19,712.85","19,722.10","19,630.70","514.38M","-0.10%"
"31-07-2023","19,679.35","19,598.90","19,697.45","19,545.00","563.54M","0.50%"
"28-07-2023","19,580.65","19,576.65","19,606.45","19,498.55","584.48M","0.07%"
"27-07-2023","19,566.70","19,731.55","19,752.45","19,510.30","571.52M","-0.48%"
"26-07-2023","19,662.00","19,623.80","19,706.35","19,600.95","468.46M","0.49%"
"25-07-2023","19,566.90","19,593.75","19,593.75","19,491.05","613.06M","0.14%"
"24-07-2023","19,540.45","19,610.30","19,642.80","19,526.65","499.23M","-0.32%"
"21-07-2023","19,602.60","19,655.25","19,732.25","19,562.40","541.97M","-1.06%"
"20-07-2023","19,811.90","19,694.20","19,822.95","19,622.60","445.27M","0.62%"
"19-07-2023","19,690.70","19,658.65","19,706.80","19,596.60","433.19M","0.43%"
"18-07-2023","19,605.85","19,657.95","19,681.65","19,548.95","490.35M","0.11%"
"17-07-2023","19,584.80","19,500.35","19,602.80","19,457.75","455.26M","0.67%"
"14-07-2023","19,454.00","19,386.30","19,482.70","19,321.70","533.80M","0.77%"
"13-07-2023","19,304.85","19,400.35","19,466.40","19,275.40","673.36M","0.06%"
"12-07-2023","19,293.70","19,389.40","19,398.10","19,274.55","531.12M","-0.21%"
"11-07-2023","19,333.60","19,307.35","19,403.35","19,288.20","471.58M","0.49%"
"10-07-2023","19,239.80","19,299.00","19,316.90","19,213.50","437.53M","0.03%"
"07-07-2023","19,233.60","19,333.55","19,426.80","19,205.25","462.80M","-0.84%"
"06-07-2023","19,397.10","19,293.15","19,410.05","19,279.65","504.88M","0.51%"
"05-07-2023","19,297.95","19,295.35","19,317.60","19,239.85","441.78M","0.14%"
"04-07-2023","19,270.55","19,305.55","19,318.70","19,196.85","386.77M","0.24%"
"03-07-2023","19,223.85","19,159.95","19,243.10","19,148.55","450.40M","0.65%"
"30-06-2023","19,099.55","18,999.95","19,110.50","18,953.20","517.14M","1.05%"
"28-06-2023","18,901.20","18,840.80","18,926.05","18,795.75","700.21M","0.80%"
"27-06-2023","18,751.30","18,690.95","18,761.50","18,662.45","410.98M","0.64%"
"26-06-2023","18,632.75","18,600.65","18,654.95","18,578.05","333.20M","0.20%"
"23-06-2023","18,595.75","18,698.95","18,710.05","18,580.95","415.96M","-0.68%"
"22-06-2023","18,722.70","18,830.35","18,850.40","18,710.30","458.71M","-0.56%"
"21-06-2023","18,827.80","18,829.70","18,858.20","18,774.65","430.97M","0.18%"
"20-06-2023","18,794.60","18,736.30","18,816.40","18,651.85","394.05M","0.33%"
"19-06-2023","18,732.80","18,847.80","18,855.75","18,698.25","430.88M","-0.35%"
"16-06-2023","18,798.55","18,695.35","18,835.95","18,683.35","506.98M","0.78%"
"15-06-2023","18,653.60","18,727.30","18,757.45","18,633.65","485.89M","-0.28%"
"14-06-2023","18,705.25","18,700.25","18,719.50","18,644.75","489.26M","0.20%"
"13-06-2023","18,668.00","18,581.80","18,679.25","18,581.40","455.47M","0.66%"
"12-06-2023","18,545.80","18,537.00","18,570.20","18,498.30","422.94M","0.24%"
"09-06-2023","18,502.10","18,588.20","18,607.15","18,493.10","426.88M","-0.33%"
"08-06-2023","18,562.95","18,665.40","18,706.05","18,546.10","531.22M","-0.52%"
"07-06-2023","18,659.65","18,596.05","18,671.60","18,566.10","469.48M","0.71%"
"06-06-2023","18,527.85","18,525.35","18,550.65","18,459.80","418.12M","0.08%"
"05-06-2023","18,513.85","18,529.95","18,554.90","18,502.70","494.48M","0.31%"
"02-06-2023","18,457.00","18,469.25","18,492.05","18,402.70","600.19M","0.28%"
"01-06-2023","18,405.70","18,482.85","18,493.25","18,383.80","465.66M","-0.18%"
"31-05-2023","18,438.30","18,479.15","18,484.50","18,380.25","1.31B","-0.42%"
"30-05-2023","18,516.95","18,500.15","18,546.90","18,470.10","424.84M","0.14%"
"29-05-2023","18,490.25","18,512.50","18,532.25","18,472.60","472.16M","0.53%"
"26-05-2023","18,393.05","18,256.15","18,400.70","18,223.30","454.36M","0.99%"
"25-05-2023","18,213.60","18,158.30","18,230.35","18,102.15","543.66M","0.24%"
"24-05-2023","18,170.00","18,178.55","18,267.80","18,149.30","446.48M","-0.27%"
"23-05-2023","18,219.80","18,236.50","18,287.45","18,197.80","501.40M","0.21%"
"22-05-2023","18,180.90","18,065.65","18,199.50","18,040.45","572.35M","0.67%"
"19-05-2023","18,060.35","18,034.50","18,074.50","17,911.70","498.46M","0.41%"
"18-05-2023","17,985.75","18,156.75","18,165.65","17,964.35","489.49M","-0.39%"
"17-05-2023","18,056.70","18,178.60","18,186.75","17,991.85","433.25M","-0.58%"
"16-05-2023","18,162.25","18,291.60","18,291.70","18,141.70","495.62M","-0.52%"
"15-05-2023","18,258.10","18,202.85","18,317.70","18,157.90","412.00M","0.42%"
"12-05-2023","18,181.95","18,152.70","18,212.15","18,070.10","440.04M","0.04%"
"11-05-2023","18,174.25","18,218.80","18,242.35","18,146.65","440.36M","0.02%"
"10-05-2023","18,170.85","18,158.05","18,182.40","18,064.60","419.93M","0.31%"
"09-05-2023","18,114.05","18,154.85","18,198.85","18,078.20","530.88M","-0.02%"
"08-05-2023","18,118.50","17,984.55","18,137.00","17,966.25","486.56M","1.00%"
"05-05-2023","17,939.25","17,982.05","18,076.70","17,925.55","480.77M","-0.89%"
"04-05-2023","18,099.75","17,938.60","18,110.30","17,923.45","508.49M","0.88%"
"03-05-2023","17,941.10","17,958.15","17,971.25","17,895.35","451.63M","-0.27%"
"02-05-2023","17,989.30","17,964.35","18,020.60","17,943.50","533.63M","0.48%"
"28-04-2023","17,903.95","17,777.40","17,926.05","17,726.70","713.23M","0.92%"
"27-04-2023","17,739.95","17,646.45","17,755.15","17,631.70","465.25M","0.53%"
"26-04-2023","17,645.55","17,598.30","17,657.70","17,549.70","410.37M","0.26%"
"25-04-2023","17,600.05","17,582.20","17,633.40","17,546.80","628.55M","0.20%"
"24-04-2023","17,564.40","17,532.60","17,574.85","17,446.10","412.47M","0.63%"
"21-04-2023","17,455.25","17,476.10","17,493.20","17,388.55","453.37M","-0.03%"
"20-04-2023","17,459.85","17,476.05","17,515.50","17,422.20","354.37M","0.03%"
"19-04-2023","17,455.45","17,507.45","17,513.85","17,421.80","463.84M","-0.32%"
"18-04-2023","17,510.85","17,600.55","17,600.55","17,457.45","418.08M","-0.19%"
"17-04-2023","17,543.45","17,667.30","17,667.30","17,411.55","512.40M","-0.52%"
"13-04-2023","17,635.15","17,624.45","17,647.70","17,546.55","441.19M","0.05%"
"12-04-2023","17,626.90","17,582.80","17,638.95","17,539.95","404.28M","0.49%"
"11-04-2023","17,540.80","17,528.45","17,571.05","17,476.20","473.15M","0.54%"
"10-04-2023","17,446.30","17,454.05","17,510.30","17,422.90","442.89M","0.18%"
"06-04-2023","17,414.65","17,357.55","17,451.10","17,321.30","433.28M","0.23%"
"05-04-2023","17,373.95","17,245.65","17,387.80","17,232.65","456.50M","0.87%"
"03-04-2023","17,224.75","17,256.20","17,256.20","17,141.45","418.01M","0.22%"
"31-03-2023","17,186.15","17,043.00","17,206.85","17,036.10","594.87M","1.58%"
"29-03-2023","16,918.05","16,808.85","16,962.70","16,791.30","667.66M","0.73%"
"28-03-2023","16,795.35","16,884.75","16,905.30","16,758.10","486.81M","-0.32%"
"27-03-2023","16,849.30","16,870.30","16,953.55","16,802.55","480.63M","0.10%"
"24-03-2023","16,831.80","16,966.70","16,998.40","16,806.10","488.07M","-0.75%"
"23-03-2023","16,958.15","16,977.45","17,075.70","16,929.50","424.69M","-0.40%"
"22-03-2023","17,026.20","17,041.90","17,075.10","16,987.50","","0.33%"
"21-03-2023","16,970.50","16,926.25","16,990.45","16,876.70","449.97M","0.70%"
"20-03-2023","16,852.90","16,920.90","16,922.75","16,700.25","511.60M","-0.66%"
"17-03-2023","16,964.80","16,981.10","17,014.30","16,843.00","828.36M","0.67%"
"16-03-2023","16,852.25","16,844.75","16,923.85","16,696.25","1.03B","0.16%"
"15-03-2023","16,825.05","17,002.75","17,044.10","16,795.50","429.85M","-0.37%"
"14-03-2023","16,887.05","17,003.35","17,060.05","16,826.10","520.93M","-0.65%"
"13-03-2023","16,997.30","17,257.25","17,358.55","16,960.00","454.65M","-1.43%"
"10-03-2023","17,244.30","17,261.40","17,269.10","17,147.00","415.80M","-0.89%"
"09-03-2023","17,398.30","17,578.25","17,582.30","17,382.00","432.57M","-0.88%"
"08-03-2023","17,552.95","17,463.90","17,564.40","17,399.05","458.35M","0.27%"
"06-03-2023","17,506.30","17,475.25","17,586.05","17,467.80","585.49M","0.69%"
"03-03-2023","17,385.95","17,258.20","17,433.90","17,241.40","596.78M","1.50%"
"02-03-2023","17,129.65","17,217.05","17,236.10","17,112.65","481.86M","-0.63%"
"01-03-2023","17,238.45","17,134.90","17,253.45","17,124.10","476.02M","0.91%"
"28-02-2023","17,083.80","17,145.30","17,195.35","17,039.60","896.67M","-0.42%"
"27-02-2023","17,156.15","17,200.25","17,212.90","17,060.10","458.49M","-0.50%"
"24-02-2023","17,242.15","17,357.20","17,369.00","17,198.30","444.42M","-0.26%"
"23-02-2023","17,286.30","17,349.80","17,386.30","17,224.20","542.54M","-0.28%"
"22-02-2023","17,335.00","17,529.65","17,539.95","17,307.10","426.44M","-1.53%"
"21-02-2023","17,604.40","17,682.85","17,699.25","17,579.10","458.06M","-0.13%"
"20-02-2023","17,626.90","17,737.10","17,768.75","17,600.85","447.59M","-0.53%"
"17-02-2023","17,721.05","17,753.25","17,808.55","17,666.30","405.63M","-0.53%"
"16-02-2023","17,814.90","17,856.95","17,907.00","17,783.30","457.46M","0.16%"
"15-02-2023","17,786.90","17,664.05","17,804.90","17,629.30","396.53M","0.48%"
"14-02-2023","17,702.35","17,626.30","17,721.90","17,581.60","476.01M","0.72%"
"13-02-2023","17,575.15","17,679.40","17,697.10","17,532.00","460.00M","-0.62%"
"10-02-2023","17,685.45","17,675.40","17,704.45","17,634.95","614.40M","-0.22%"
"09-02-2023","17,723.85","17,724.25","17,751.65","17,625.25","694.59M","0.02%"
"08-02-2023","17,719.85","17,598.55","17,743.90","17,596.85","768.74M","0.85%"
"07-02-2023","17,569.70","17,626.45","17,654.90","17,504.25","653.28M","-0.24%"
"06-02-2023","17,611.45","17,648.70","17,652.20","17,541.80","542.87M","-0.43%"
"03-02-2023","17,687.35","17,574.50","17,701.80","17,422.20","742.95M","1.13%"
"02-02-2023","17,490.30","17,401.25","17,534.35","17,321.00","823.47M","-0.15%"
"01-02-2023","17,516.15","17,744.85","17,866.95","17,247.60","962.05M","-0.48%"
"31-01-2023","17,601.00","17,636.75","17,644.15","17,467.50","812.68M","0.17%"
"30-01-2023","17,571.85","17,498.65","17,676.60","17,331.90","847.39M","-0.13%"
"27-01-2023","17,594.50","17,946.00","17,953.30","17,483.90","973.11M","-2.11%"
"25-01-2023","17,974.35","18,213.55","18,219.90","17,950.40","732.56M","-1.49%"
"24-01-2023","18,245.35","18,313.60","18,323.75","18,210.50","428.28M","-0.02%"
"23-01-2023","18,249.35","18,254.70","18,292.50","18,203.85","391.16M","0.44%"
"20-01-2023","18,169.45","18,252.80","18,278.15","18,156.00","449.79M","-0.41%"
"19-01-2023","18,244.75","18,260.10","18,291.65","18,202.80","413.20M","-0.34%"
"18-01-2023","18,307.40","18,237.60","18,324.30","18,189.55","503.58M","0.50%"
"17-01-2023","18,216.40","18,102.15","18,235.35","18,065.45","462.88M","0.79%"
"16-01-2023","18,074.20","18,191.85","18,212.00","18,029.00","360.49M","-0.29%"
"13-01-2023","18,126.25","18,041.20","18,157.15","17,949.15","437.77M","0.54%"
"12-01-2023","18,028.30","18,080.55","18,105.15","17,932.75","435.10M","-0.14%"
"11-01-2023","18,054.30","18,094.65","18,135.30","17,988.20","439.50M","-0.15%"
"10-01-2023","18,081.00","18,270.00","18,274.40","18,008.30","462.38M","-0.92%"
"09-01-2023","18,248.55","18,111.30","18,276.25","18,098.00","421.98M","1.30%"
"06-01-2023","18,013.95","18,165.95","18,200.30","17,951.80","402.62M","-0.75%"
"05-01-2023","18,150.00","18,236.55","18,256.30","18,032.45","432.83M","-0.13%"
"04-01-2023","18,173.45","18,375.65","18,385.90","18,153.05","436.06M","-1.10%"
"03-01-2023","18,376.50","18,310.65","18,398.95","18,298.55","373.39M","0.23%"
"02-01-2023","18,334.30","18,290.20","18,350.90","18,237.45","391.00M","0.41%"
"30-12-2022","18,258.75","18,422.40","18,434.20","18,232.30","352.05M","-0.46%"
"29-12-2022","18,343.60","18,192.20","18,387.60","18,124.80","468.49M","0.40%"
"28-12-2022","18,270.95","18,220.35","18,317.40","18,200.20","399.91M","0.04%"
"27-12-2022","18,263.55","18,214.95","18,280.50","18,097.75","396.29M","0.71%"
"26-12-2022","18,134.60","17,910.65","18,204.20","17,834.10","421.67M","1.38%"
"23-12-2022","17,888.05","18,128.50","18,193.00","17,855.15","542.36M","-2.13%"
"22-12-2022","18,277.85","18,447.00","18,484.95","18,212.50","434.46M","-0.45%"
"21-12-2022","18,361.15","18,621.30","18,664.75","18,324.40","403.21M","-1.13%"
"20-12-2022","18,570.40","18,532.95","18,589.50","18,391.20","343.41M","-0.18%"
"19-12-2022","18,604.50","18,466.70","18,616.45","18,419.45","329.84M","0.86%"
"16-12-2022","18,446.30","18,512.15","18,624.65","18,432.00","536.65M","-0.85%"
"15-12-2022","18,604.45","18,795.55","18,833.65","18,576.00","376.51M","-1.24%"
"14-12-2022","18,837.25","18,842.85","18,872.65","18,817.35","400.88M","0.30%"
"13-12-2022","18,781.65","18,724.05","18,793.70","18,688.95","358.00M","0.49%"
"12-12-2022","18,690.80","18,605.20","18,711.20","18,536.45","395.01M","0.02%"
"09-12-2022","18,687.65","18,859.40","18,861.30","18,594.70","519.69M","-0.61%"
"08-12-2022","18,802.00","18,770.80","18,820.35","18,739.00","440.80M","0.26%"
"07-12-2022","18,754.00","18,826.35","18,858.30","18,721.85","393.29M","-0.36%"
"06-12-2022","18,821.55","18,777.60","18,832.60","18,760.20","424.77M","-0.24%"
"05-12-2022","18,867.65","18,898.00","18,905.60","18,755.50","546.37M","-0.01%"
"02-12-2022","18,870.25","18,925.85","18,948.15","18,812.60","543.80M","-0.54%"
"01-12-2022","18,973.05","19,034.20","19,039.40","18,939.60","623.00M","0.28%"
"30-11-2022","18,919.55","18,771.35","18,980.75","18,762.60","1.14B","0.86%"
"29-11-2022","18,758.35","18,691.55","18,815.90","18,689.60","418.55M","0.33%"
"28-11-2022","18,696.75","18,582.55","18,751.00","18,521.60","449.37M","0.24%"
"25-11-2022","18,652.05","18,673.80","18,677.10","18,583.85","459.91M","0.13%"
"24-11-2022","18,627.25","18,492.30","18,665.95","18,462.95","475.60M","1.05%"
"23-11-2022","18,433.80","18,487.25","18,487.40","18,411.10","428.77M","0.14%"
"22-11-2022","18,407.50","18,353.20","18,421.85","18,307.85","420.71M","0.40%"
"21-11-2022","18,334.65","18,426.10","18,439.65","18,305.75","437.46M","-0.80%"
"18-11-2022","18,483.20","18,575.75","18,587.85","18,385.45","461.09M","-0.27%"
"17-11-2022","18,532.45","18,569.60","18,618.90","18,501.15","494.52M","-0.45%"
"16-11-2022","18,615.50","18,632.70","18,657.50","18,546.95","485.91M","-0.11%"
"15-11-2022","18,635.40","18,603.65","18,656.55","18,516.80","479.60M","0.36%"
"14-11-2022","18,568.40","18,603.95","18,626.15","18,547.05","668.37M","-0.03%"
"11-11-2022","18,573.35","18,505.95","18,586.15","18,498.90","1.01B","1.68%"
"10-11-2022","18,267.10","18,302.35","18,356.25","18,202.15","531.65M","-0.76%"
"09-11-2022","18,406.25","18,534.65","18,538.05","18,363.85","623.90M","-0.24%"
"07-11-2022","18,450.15","18,456.45","18,496.95","18,309.40","685.75M","0.48%"
"04-11-2022","18,361.45","18,301.95","18,377.25","18,254.65","494.41M","0.35%"
"03-11-2022","18,297.40","18,206.90","18,344.05","18,198.00","402.50M","-0.14%"
"02-11-2022","18,322.40","18,413.00","18,413.90","18,287.35","468.16M","-0.33%"
"01-11-2022","18,383.20","18,354.90","18,397.55","18,290.35","576.44M","0.77%"
"31-10-2022","18,243.40","18,133.75","18,256.65","18,125.10","481.94M","1.26%"
"28-10-2022","18,017.20","18,011.30","18,065.05","17,950.10","468.20M","0.16%"
"27-10-2022","17,989.00","18,002.05","18,027.95","17,899.65","577.65M","0.57%"
"25-10-2022","17,887.40","18,023.90","18,027.30","17,871.00","495.94M","-0.36%"
"24-10-2022","17,951.30","17,973.75","18,008.50","17,926.95","79.96M","0.80%"
"21-10-2022","17,808.80","17,887.95","17,915.25","17,751.25","500.35M","-0.12%"
"20-10-2022","17,829.45","17,670.60","17,850.80","17,665.90","477.84M","0.41%"
"19-10-2022","17,756.25","17,822.65","17,862.05","17,721.25","405.71M","0.08%"
"18-10-2022","17,741.20","17,685.15","17,774.00","17,681.85","526.69M","1.03%"
"17-10-2022","17,560.50","17,395.20","17,580.25","17,335.50","396.28M","0.73%"
"14-10-2022","17,432.55","17,612.85","17,620.85","17,418.55","419.11M","0.75%"
"13-10-2022","17,302.15","17,393.00","17,417.15","17,247.40","446.35M","-0.70%"
"12-10-2022","17,423.40","17,330.80","17,440.45","17,249.90","451.99M","0.80%"
"11-10-2022","17,285.85","17,582.20","17,585.75","17,251.15","494.69M","-1.52%"
"10-10-2022","17,553.15","17,419.20","17,596.15","17,380.60","450.29M","-0.50%"
"07-10-2022","17,641.45","17,624.60","17,660.15","17,532.90","541.69M","-0.12%"
"06-10-2022","17,662.80","17,700.85","17,750.60","17,647.40","513.00M","0.42%"
"04-10-2022","17,589.30","17,470.75","17,602.05","17,444.40","470.95M","2.32%"
"03-10-2022","17,190.90","17,448.70","17,469.90","17,137.30","531.03M","-1.42%"
"30-09-2022","17,438.60","17,146.95","17,518.10","17,080.65","724.94M","1.58%"
"29-09-2022","17,167.75","17,361.85","17,403.55","17,139.25","747.06M","-0.30%"
"28-09-2022","17,219.55","17,229.00","17,401.40","17,179.25","621.53M","-0.85%"
"27-09-2022","17,366.40","17,469.90","17,544.15","17,290.85","651.35M","-0.05%"
"26-09-2022","17,374.80","17,549.00","17,576.40","17,329.30","831.87M","-1.94%"
"23-09-2022","17,718.45","18,004.95","18,050.10","17,686.05","683.14M","-1.73%"
"22-09-2022","18,030.40","17,988.50","18,111.45","17,914.15","571.31M","-0.34%"
"21-09-2022","18,091.90","18,180.55","18,255.45","18,041.15","544.12M","-0.71%"
"20-09-2022","18,222.10","18,180.90","18,329.00","18,161.35","599.21M","1.09%"
"19-09-2022","18,025.25","17,958.30","18,080.65","17,828.75","633.46M","0.49%"
"16-09-2022","17,938.10","18,239.15","18,259.10","17,898.30","1.05B","-2.07%"
"15-09-2022","18,316.90","18,459.90","18,505.20","18,282.75","672.75M","-0.48%"
"14-09-2022","18,405.60","18,147.60","18,486.95","18,147.60","817.96M","-0.26%"
"13-09-2022","18,453.70","18,429.05","18,471.05","18,393.45","677.48M","0.73%"
"12-09-2022","18,319.80","18,257.85","18,352.80","18,255.55","498.67M","0.67%"
"09-09-2022","18,198.10","18,298.90","18,298.90","18,148.50","625.39M","0.16%"
"08-09-2022","18,168.85","18,135.85","18,178.20","18,067.85","640.33M","0.89%"
"07-09-2022","18,008.10","17,906.65","18,036.75","17,874.65","629.12M","-0.13%"
"06-09-2022","18,031.30","18,061.90","18,125.05","17,955.25","633.63M","0.05%"
"05-09-2022","18,021.65","17,928.80","18,041.65","17,922.95","475.94M","0.59%"
"02-09-2022","17,916.00","17,989.50","18,029.40","17,871.20","565.77M","-0.05%"
"01-09-2022","17,924.30","17,858.45","18,063.90","17,850.15","709.69M","-1.04%"
"30-08-2022","18,112.40","17,776.75","18,131.30","17,766.85","688.37M","2.52%"
"29-08-2022","17,666.45","17,499.75","17,730.10","17,486.85","522.83M","-1.27%"
"26-08-2022","17,893.80","17,949.10","18,017.45","17,855.95","585.68M","0.26%"
"25-08-2022","17,847.65","17,992.80","18,044.85","17,813.80","592.19M","-0.39%"
"24-08-2022","17,917.30","17,832.85","17,933.10","17,790.90","570.03M","0.22%"
"23-08-2022","17,878.40","17,654.50","17,926.95","17,644.60","689.33M","0.48%"
"22-08-2022","17,792.45","18,001.30","18,007.10","17,767.25","703.54M","-1.54%"
"19-08-2022","18,071.10","18,281.60","18,304.70","18,026.60","815.90M","-1.06%"
"18-08-2022","18,264.40","18,195.65","18,277.10","18,156.30","771.77M","0.16%"
"17-08-2022","18,235.55","18,154.20","18,258.15","18,125.85","770.96M","0.71%"
"16-08-2022","18,107.25","18,056.25","18,118.45","18,028.10","","0.84%"
"12-08-2022","17,956.80","17,916.65","17,982.90","17,857.75","853.80M","0.24%"
"11-08-2022","17,913.95","17,955.90","17,962.35","17,883.10","641.19M","0.73%"
"10-08-2022","17,784.90","17,829.45","17,829.45","17,695.80","722.18M","0.00%"
"08-08-2022","17,784.80","17,664.20","17,799.90","17,621.15","601.40M","0.73%"
"05-08-2022","17,655.50","17,699.35","17,747.40","17,625.35","1.08B","0.01%"
"04-08-2022","17,652.95","17,723.50","17,753.85","17,420.40","997.64M","0.04%"
"03-08-2022","17,646.00","17,621.25","17,665.35","17,487.70","1.10B","0.16%"
"02-08-2022","17,618.25","17,576.05","17,656.90","17,489.80","1.13B","0.11%"
"01-08-2022","17,598.80","17,487.65","17,614.20","17,396.00","758.31M","1.14%"
"29-07-2022","17,400.75","17,317.35","17,413.85","17,266.00","855.22M","1.35%"
"28-07-2022","17,169.70","17,016.10","17,186.40","16,985.15","865.34M","1.66%"
"27-07-2022","16,889.55","16,724.00","16,900.95","16,687.25","736.83M","0.93%"
"26-07-2022","16,733.30","16,896.40","16,899.00","16,710.00","785.77M","-0.94%"
"25-07-2022","16,892.10","16,924.30","16,960.30","16,825.45","613.89M","-0.46%"
"22-07-2022","16,970.70","16,940.20","17,002.90","16,872.40","380.79M","0.53%"
"21-07-2022","16,881.70","16,777.25","16,904.40","16,737.80","444.20M","0.64%"
"20-07-2022","16,773.70","16,829.05","16,846.95","16,744.30","585.70M","0.96%"
"19-07-2022","16,614.05","16,460.95","16,634.35","16,460.95","460.31M","0.40%"
"18-07-2022","16,548.15","16,423.85","16,559.20","16,415.15","437.77M","1.42%"
"15-07-2022","16,317.20","16,287.85","16,334.65","16,204.05","438.20M","0.64%"
"14-07-2022","16,213.05","16,294.75","16,329.55","16,115.65","448.96M","-0.15%"
"13-07-2022","16,237.25","16,396.95","16,411.55","16,220.15","460.66M","-0.53%"
"12-07-2022","16,323.50","16,380.15","16,421.95","16,293.80","468.97M","-0.86%"
"11-07-2022","16,465.10","16,346.75","16,491.10","16,331.20","474.97M","0.25%"
"08-07-2022","16,424.00","16,475.85","16,477.35","16,353.10","466.29M","0.52%"
"07-07-2022","16,339.10","16,322.15","16,355.75","16,251.65","537.41M","0.88%"
"06-07-2022","16,196.25","16,009.30","16,217.20","15,990.15","509.78M","1.22%"
"05-07-2022","16,001.60","16,093.55","16,209.30","15,973.35","460.88M","-0.10%"
"04-07-2022","16,018.15","15,894.70","16,033.90","15,844.65","506.47M","0.58%"
"01-07-2022","15,925.95","15,861.60","15,966.05","15,679.30","662.50M","-0.02%"
"30-06-2022","15,929.40","15,933.95","16,047.75","15,881.00","615.44M","-0.15%"
"29-06-2022","15,952.75","15,857.10","16,013.80","15,845.45","709.58M","-0.35%"
"28-06-2022","16,008.85","15,919.30","16,045.05","15,857.00","567.29M","0.12%"
"27-06-2022","15,990.30","16,082.45","16,086.95","15,974.40","481.34M","0.83%"
"24-06-2022","15,858.30","15,809.60","15,895.30","15,773.65","427.46M","0.98%"
"23-06-2022","15,704.80","15,594.80","15,775.80","15,515.80","475.79M","0.96%"
"22-06-2022","15,555.30","15,702.45","15,718.35","15,528.55","441.51M","-1.51%"
"21-06-2022","15,793.15","15,593.40","15,845.45","15,558.70","521.56M","2.01%"
"20-06-2022","15,481.95","15,489.50","15,517.80","15,336.05","524.33M","0.23%"
"17-06-2022","15,445.80","15,452.80","15,575.95","15,344.55","652.57M","-0.63%"
"16-06-2022","15,543.35","16,021.85","16,046.05","15,518.00","498.16M","-2.09%"
"15-06-2022","15,874.90","15,918.10","15,966.00","15,858.35","338.35M","-0.19%"
"14-06-2022","15,905.60","15,848.95","16,034.55","15,822.60","454.45M","-0.19%"
"13-06-2022","15,936.05","16,033.65","16,044.50","15,850.85","420.54M","-2.55%"
"10-06-2022","16,353.50","16,426.30","16,465.30","16,322.55","375.33M","-1.58%"
"09-06-2022","16,616.40","16,402.50","16,631.15","16,374.45","416.14M","0.75%"
"08-06-2022","16,492.20","16,610.75","16,649.75","16,425.80","454.70M","-0.35%"
"07-06-2022","16,550.70","16,602.10","16,619.05","16,489.15","419.14M","-0.90%"
"06-06-2022","16,701.20","16,671.30","16,741.20","16,565.50","414.37M","-0.12%"
"03-06-2022","16,721.50","16,928.45","16,953.65","16,705.75","427.46M","-0.44%"
"02-06-2022","16,794.75","16,650.25","16,810.55","16,613.65","477.08M","0.63%"
"01-06-2022","16,688.95","16,772.05","16,831.20","16,601.85","542.49M","-0.47%"
"31-05-2022","16,767.50","16,761.55","16,883.60","16,702.45","1.14B","-0.42%"
"30-05-2022","16,838.15","16,692.20","16,860.40","16,672.60","571.02M","1.95%"
"27-05-2022","16,516.80","16,473.30","16,534.55","16,388.70","491.13M","1.07%"
"26-05-2022","16,341.90","16,267.60","16,382.85","16,046.55","627.93M","0.96%"
"25-05-2022","16,187.15","16,384.30","16,409.30","16,167.50","567.62M","-0.77%"
"24-05-2022","16,312.30","16,428.60","16,460.00","16,262.35","677.68M","-0.59%"
"23-05-2022","16,409.75","16,504.60","16,612.15","16,382.10","634.01M","-0.41%"
"20-05-2022","16,476.70","16,290.20","16,491.10","16,253.55","464.26M","2.68%"
"19-05-2022","16,047.35","16,146.70","16,213.10","16,015.30","545.57M","-2.66%"
"18-05-2022","16,485.80","16,566.70","16,655.45","16,461.60","585.37M","-0.08%"
"17-05-2022","16,498.50","16,166.00","16,522.65","16,152.50","542.28M","2.61%"
"16-05-2022","16,079.00","16,062.65","16,199.25","15,946.80","505.41M","0.58%"
"13-05-2022","15,986.50","16,200.60","16,315.00","15,941.10","710.18M","-0.23%"
"12-05-2022","16,023.90","16,263.20","16,281.05","15,946.15","733.93M","-2.29%"
"11-05-2022","16,399.70","16,502.45","16,576.40","16,204.25","592.90M","-0.40%"
"10-05-2022","16,466.25","16,533.40","16,653.85","16,426.90","510.07M","-0.70%"
"09-05-2022","16,581.80","16,549.25","16,694.60","16,441.40","497.88M","-0.88%"
"06-05-2022","16,729.55","16,740.10","16,807.10","16,654.25","573.86M","-1.69%"
"05-05-2022","17,016.60","17,186.35","17,270.60","16,978.65","472.62M","0.07%"
"04-05-2022","17,004.05","17,451.15","17,483.80","16,944.55","546.54M","-2.38%"
"02-05-2022","17,419.45","17,286.65","17,439.90","17,269.85","427.13M","-0.22%"
"29-04-2022","17,457.20","17,703.10","17,741.40","17,404.90","535.22M","-0.90%"
"28-04-2022","17,615.40","17,557.60","17,687.50","17,429.20","491.82M","1.25%"
"27-04-2022","17,398.55","17,453.55","17,484.15","17,321.10","460.39M","-1.02%"
"26-04-2022","17,577.80","17,472.10","17,600.45","17,429.85","455.17M","1.60%"
"25-04-2022","17,300.35","17,373.15","17,403.90","17,236.45","526.77M","-1.37%"
"22-04-2022","17,541.10","17,610.30","17,678.25","17,518.85","433.80M","-1.18%"
"21-04-2022","17,750.20","17,602.60","17,766.90","17,578.00","485.14M","1.45%"
"20-04-2022","17,496.65","17,425.20","17,553.95","17,353.90","489.48M","0.96%"
"19-04-2022","17,330.40","17,662.55","17,687.45","17,199.50","649.41M","-1.34%"
"18-04-2022","17,565.95","17,566.00","17,615.05","17,440.60","592.98M","-1.51%"
"13-04-2022","17,835.20","17,956.20","18,017.30","17,816.20","452.94M","-0.24%"
"12-04-2022","17,877.55","17,965.30","17,970.95","17,786.95","526.48M","-0.86%"
"11-04-2022","18,032.40","18,062.45","18,114.55","17,992.95","485.79M","-0.31%"
"08-04-2022","18,089.30","17,993.65","18,144.35","17,906.55","526.97M","0.94%"
"07-04-2022","17,920.80","18,006.65","18,092.30","17,906.10","598.78M","-0.85%"
"06-04-2022","18,075.10","18,089.30","18,154.05","18,042.85","633.72M","-0.66%"
"05-04-2022","18,195.10","18,294.25","18,327.75","18,159.85","574.20M","-0.33%"
"04-04-2022","18,256.10","18,010.30","18,281.95","17,994.90","625.46M","2.11%"
"01-04-2022","17,879.50","17,643.90","17,912.70","17,631.10","542.93M","1.24%"
"31-03-2022","17,660.35","17,710.75","17,752.55","17,627.35","545.40M","-0.14%"
"30-03-2022","17,684.30","17,665.60","17,718.05","17,589.15","1.07B","0.92%"
"29-03-2022","17,523.60","17,500.45","17,541.25","17,438.40","555.54M","0.58%"
"28-03-2022","17,422.15","17,404.80","17,434.80","17,213.80","592.73M","0.30%"
"25-03-2022","17,370.50","17,500.85","17,506.95","17,287.85","501.92M","-0.34%"
"24-03-2022","17,429.95","17,305.85","17,494.15","17,301.80","547.13M","-0.09%"
"23-03-2022","17,446.05","17,593.40","17,625.90","17,399.80","665.05M","-0.30%"
"22-03-2022","17,499.20","17,329.55","17,518.25","17,195.60","661.59M","1.01%"
"21-03-2022","17,323.65","17,550.50","17,576.50","17,306.60","642.89M","-1.04%"
"17-03-2022","17,505.40","17,422.35","17,553.70","17,394.25","1.53B","1.79%"
"16-03-2022","17,198.00","17,086.00","17,209.50","17,052.60","536.87M","1.92%"
"15-03-2022","16,873.45","17,107.75","17,136.90","16,764.25","757.60M","-1.19%"
"14-03-2022","17,076.60","16,882.50","17,092.15","16,833.10","646.87M","1.18%"
"11-03-2022","16,877.70","16,773.60","16,928.25","16,717.00","648.81M","0.25%"
"10-03-2022","16,835.50","16,979.85","16,979.85","16,689.80","947.89M","1.59%"
"09-03-2022","16,571.55","16,328.40","16,648.10","16,245.75","862.93M","1.97%"
"08-03-2022","16,251.65","15,991.45","16,267.05","15,901.10","970.06M","1.02%"
"07-03-2022","16,086.95","16,116.10","16,180.60","15,938.75","1.01B","-2.40%"
"04-03-2022","16,482.85","16,610.75","16,700.55","16,384.25","876.34M","-1.66%"
"03-03-2022","16,761.60","16,991.00","17,032.95","16,708.10","891.72M","-0.56%"
"02-03-2022","16,855.70","16,826.25","16,930.20","16,732.05","990.39M","-0.95%"
"28-02-2022","17,016.55","16,701.70","17,035.15","16,568.45","894.96M","0.85%"
"25-02-2022","16,872.35","16,703.00","16,955.50","16,676.60","856.27M","2.70%"
"24-02-2022","16,428.05","16,742.80","16,897.85","16,384.45","1.22B","-4.89%"
"23-02-2022","17,273.45","17,378.95","17,413.30","17,240.00","495.07M","-0.02%"
"22-02-2022","17,276.50","17,012.75","17,321.15","17,009.30","647.48M","-0.59%"
"21-02-2022","17,379.10","17,389.55","17,532.40","17,251.85","449.22M","-0.54%"
"18-02-2022","17,472.90","17,456.70","17,586.35","17,439.05","428.51M","-0.29%"
"17-02-2022","17,524.45","17,608.45","17,657.10","17,457.20","481.50M","-0.04%"
"16-02-2022","17,530.65","17,626.25","17,706.10","17,481.65","525.19M","-0.17%"
"15-02-2022","17,560.55","17,147.90","17,582.90","17,037.60","653.39M","2.93%"
"14-02-2022","17,060.70","17,293.10","17,318.45","17,026.40","675.02M","-3.10%"
"11-02-2022","17,606.60","17,694.40","17,696.95","17,541.65","552.48M","-1.32%"
"10-02-2022","17,842.90","17,794.00","17,869.10","17,665.70","623.07M","0.76%"
"09-02-2022","17,707.85","17,612.55","17,720.90","17,583.00","546.25M","1.13%"
"08-02-2022","17,509.80","17,543.20","17,572.70","17,298.35","761.38M","0.18%"
"07-02-2022","17,477.65","17,710.05","17,791.70","17,382.80","792.39M","-1.56%"
"04-02-2022","17,755.30","17,826.25","17,858.20","17,701.20","625.56M","-0.22%"
"03-02-2022","17,794.70","17,985.10","17,996.30","17,749.40","582.90M","-1.13%"
"02-02-2022","17,998.75","17,920.05","18,012.25","17,889.15","654.34M","1.14%"
"01-02-2022","17,796.25","17,731.55","17,826.15","17,464.25","851.16M","1.42%"
"31-01-2022","17,547.40","17,516.90","17,623.25","17,479.65","643.93M","1.34%"
"28-01-2022","17,314.70","17,405.55","17,587.60","17,289.20","753.07M","0.07%"
"27-01-2022","17,302.35","17,281.70","17,376.85","17,069.75","870.93M","-1.07%"
"25-01-2022","17,489.15","17,200.40","17,519.60","17,030.45","697.19M","0.78%"
"24-01-2022","17,353.45","17,821.55","17,841.40","17,197.00","824.08M","-2.82%"
"21-01-2022","17,856.15","17,882.35","17,953.60","17,721.30","584.31M","-0.92%"
"20-01-2022","18,021.10","18,168.25","18,187.60","17,915.75","514.64M","-0.87%"
"19-01-2022","18,179.70","18,349.55","18,349.55","18,114.85","623.26M","-0.83%"
"18-01-2022","18,331.70","18,577.70","18,595.15","18,302.95","542.80M","-1.14%"
"17-01-2022","18,543.20","18,471.60","18,553.40","18,456.55","480.74M","0.31%"
"14-01-2022","18,485.70","18,411.20","18,515.10","18,348.40","454.77M","0.02%"
"13-01-2022","18,482.45","18,478.55","18,495.65","18,385.00","643.14M","0.28%"
"12-01-2022","18,430.25","18,390.85","18,443.80","18,346.95","492.32M","0.85%"
"11-01-2022","18,275.15","18,225.70","18,295.00","18,181.40","569.93M","0.25%"
"10-01-2022","18,229.10","18,146.20","18,243.25","18,109.75","543.92M","0.97%"
"07-01-2022","18,053.95","18,035.70","18,140.85","17,944.40","591.47M","0.38%"
"06-01-2022","17,985.60","17,997.60","18,025.25","17,889.75","550.86M","-0.89%"
"05-01-2022","18,147.50","18,044.30","18,164.70","17,974.90","789.82M","0.65%"
"04-01-2022","18,030.95","17,934.50","18,051.50","17,831.50","674.49M","0.88%"
"03-01-2022","17,874.00","17,654.45","17,894.15","17,651.45","575.68M","1.45%"